2.8475,92.284,0,-11.705,88.176,0,-11.705,88.176,10
2.8475,92.284,0,-11.705,88.176,10,2.8475,92.284,10
8.2355,69.196,0,2.8475,92.284,0,2.8475,92.284,10
8.2355,69.196,0,2.8475,92.284,10,8.2355,69.196,10
13.658,50.417,0,8.2355,69.196,0,8.2355,69.196,10
13.658,50.417,0,8.2355,69.196,10,13.658,50.417,10
-0.84401,46.676,0,13.658,50.417,0,13.658,50.417,10
-0.84401,46.676,0,13.658,50.417,10,-0.84401,46.676,10
-11.705,88.176,10,-0.84401,46.676,0,-0.84401,46.676,10
-11.705,88.176,0,-0.84401,46.676,0,-11.705,88.176,10
-0.84401,46.676,0,8.2355,69.196,0,13.658,50.417,0
-11.705,88.176,0,8.2355,69.196,0,-0.84401,46.676,0
-11.705,88.176,0,2.8475,92.284,0,8.2355,69.196,0
8.2355,69.196,10,-0.84401,46.676,10,13.658,50.417,10
8.2355,69.196,10,-11.705,88.176,10,-0.84401,46.676,10
2.8475,92.284,10,-11.705,88.176,10,8.2355,69.196,10
-26.113,84.636,0,-26.113,84.636,10,-19.02,86.351,10
-19.02,86.351,0,-26.113,84.636,0,-19.02,86.351,10
-8.5083,44.84,0,-19.02,86.351,0,-19.02,86.351,10
-8.5083,44.84,0,-19.02,86.351,10,-8.5083,44.84,10
-15.022,43.236,0,-8.5083,44.84,0,-8.5083,44.84,10
-15.022,43.236,0,-8.5083,44.84,10,-15.022,43.236,10
-26.113,84.636,0,-15.022,43.236,0,-15.022,43.236,10
-26.113,84.636,0,-15.022,43.236,10,-26.113,84.636,10
-15.022,43.236,0,-19.02,86.351,0,-8.5083,44.84,0
-26.113,84.636,0,-19.02,86.351,0,-15.022,43.236,0
-19.02,86.351,10,-15.022,43.236,10,-8.5083,44.84,10
-19.02,86.351,10,-26.113,84.636,10,-15.022,43.236,10
36.412,100.94,0,2.8475,92.284,0,2.8475,92.284,10
36.412,100.94,0,2.8475,92.284,10,36.412,100.94,10
40.282,98.529,0,36.412,100.94,0,36.412,100.94,10
40.282,98.529,0,36.412,100.94,10,40.282,98.529,10
50.257,60.001,0,40.282,98.529,0,40.282,98.529,10
50.257,60.001,0,40.282,98.529,10,50.257,60.001,10
28.952,54.769,0,50.257,60.001,0,50.257,60.001,10
28.952,54.769,0,50.257,60.001,10,28.952,54.769,10
23.436,72.97,0,28.952,54.769,0,28.952,54.769,10
23.436,72.97,0,28.952,54.769,10,23.436,72.97,10
8.2355,69.196,0,23.436,72.97,0,23.436,72.97,10
8.2355,69.196,0,23.436,72.97,10,8.2355,69.196,10
2.8475,92.284,0,8.2355,69.196,0,8.2355,69.196,10
2.8475,92.284,0,8.2355,69.196,10,2.8475,92.284,10
2.8475,92.284,0,23.436,72.97,0,8.2355,69.196,0
23.436,72.97,0,50.257,60.001,0,28.952,54.769,0
2.8475,92.284,0,36.412,100.94,0,23.436,72.97,0
23.436,72.97,0,40.282,98.529,0,50.257,60.001,0
36.412,100.94,0,40.282,98.529,0,23.436,72.97,0
23.436,72.97,10,2.8475,92.284,10,8.2355,69.196,10
50.257,60.001,10,23.436,72.97,10,28.952,54.769,10
36.412,100.94,10,2.8475,92.284,10,23.436,72.97,10
40.282,98.529,10,23.436,72.97,10,50.257,60.001,10
40.282,98.529,10,36.412,100.94,10,23.436,72.97,10
-79.406,14.583,0,-75.032,-1.5804,0,-75.032,-1.5804,6
-79.406,14.583,0,-75.032,-1.5804,6,-79.406,14.583,6
-77.053,15.218,0,-79.406,14.583,0,-79.406,14.583,6
-77.053,15.218,0,-79.406,14.583,6,-77.053,15.218,6
-77.675,17.522,0,-77.053,15.218,0,-77.053,15.218,6
-77.675,17.522,0,-77.053,15.218,6,-77.675,17.522,6
-78.357,20.038,0,-77.675,17.522,0,-77.675,17.522,6
-78.357,20.038,0,-77.675,17.522,6,-78.357,20.038,6
-60.309,24.925,6,-78.357,20.038,0,-78.357,20.038,6
-60.309,24.925,0,-78.357,20.038,0,-60.309,24.925,6
-59.584,22.22,0,-60.309,24.925,0,-60.309,24.925,6
-59.584,22.22,0,-60.309,24.925,6,-59.584,22.22,6
-54.631,3.952,6,-59.584,22.22,0,-59.584,22.22,6
-54.631,3.952,0,-59.584,22.22,0,-54.631,3.952,6
-75.032,-1.5804,0,-54.631,3.952,0,-54.631,3.952,6
-75.032,-1.5804,0,-54.631,3.952,6,-75.032,-1.5804,6
-79.406,14.583,0,-77.053,15.218,0,-75.032,-1.5804,0
-77.053,15.218,0,-54.631,3.952,0,-75.032,-1.5804,0
-77.675,17.522,0,-59.584,22.22,0,-77.053,15.218,0
-77.053,15.218,0,-59.584,22.22,0,-54.631,3.952,0
-78.357,20.038,0,-60.309,24.925,0,-77.675,17.522,0
-77.675,17.522,0,-60.309,24.925,0,-59.584,22.22,0
-77.053,15.218,6,-79.406,14.583,6,-75.032,-1.5804,6
-54.631,3.952,6,-77.053,15.218,6,-75.032,-1.5804,6
-59.584,22.22,6,-77.675,17.522,6,-77.053,15.218,6
-59.584,22.22,6,-77.053,15.218,6,-54.631,3.952,6
-60.309,24.925,6,-78.357,20.038,6,-77.675,17.522,6
-60.309,24.925,6,-77.675,17.522,6,-59.584,22.22,6
22.413,-30.457,0,20.896,-24.88,0,20.896,-24.88,10
22.413,-30.457,0,20.896,-24.88,10,22.413,-30.457,10
22.413,-30.457,0,22.413,-30.457,10,25.218,-29.667,10
25.218,-29.667,0,22.413,-30.457,0,25.218,-29.667,10
27.46,-37.581,0,25.218,-29.667,0,25.218,-29.667,10
27.46,-37.581,0,25.218,-29.667,10,27.46,-37.581,10
28.722,-37.426,0,27.46,-37.581,0,27.46,-37.581,10
28.722,-37.426,0,27.46,-37.581,10,28.722,-37.426,10
34.869,-60.246,0,28.722,-37.426,0,28.722,-37.426,10
34.869,-60.246,0,28.722,-37.426,10,34.869,-60.246,10
31.851,-61.148,0,34.869,-60.246,0,34.869,-60.246,10
31.851,-61.148,0,34.869,-60.246,10,31.851,-61.148,10
32.559,-63.118,0,31.851,-61.148,0,31.851,-61.148,10
32.559,-63.118,0,31.851,-61.148,10,32.559,-63.118,10
31.084,-63.519,0,32.559,-63.118,0,32.559,-63.118,10
31.084,-63.519,0,32.559,-63.118,10,31.084,-63.519,10
31.425,-64.844,0,31.084,-63.519,0,31.084,-63.519,10
31.425,-64.844,0,31.084,-63.519,10,31.425,-64.844,10
36.37,-63.352,0,31.425,-64.844,0,31.425,-64.844,10
36.37,-63.352,0,31.425,-64.844,10,36.37,-63.352,10
37.751,-62.94,0,36.37,-63.352,0,36.37,-63.352,10
37.751,-62.94,0,36.37,-63.352,10,37.751,-62.94,10
37.751,-62.94,0,37.751,-62.94,10,41.357,-61.849,10
41.357,-61.849,0,37.751,-62.94,0,41.357,-61.849,10
43.949,-60.903,0,41.357,-61.849,0,41.357,-61.849,10
43.949,-60.903,0,41.357,-61.849,10,43.949,-60.903,10
44.614,-67.07,0,43.949,-60.903,0,43.949,-60.903,10
44.614,-67.07,0,43.949,-60.903,10,44.614,-67.07,10
29.694,-70.933,10,44.614,-67.07,0,44.614,-67.07,10
29.694,-70.933,0,44.614,-67.07,0,29.694,-70.933,10
31.911,-79.014,0,29.694,-70.933,0,29.694,-70.933,10
31.911,-79.014,0,29.694,-70.933,10,31.911,-79.014,10
41.11,-76.487,0,31.911,-79.014,0,31.911,-79.014,10
41.11,-76.487,0,31.911,-79.014,10,41.11,-76.487,10
43.77,-86.618,10,41.11,-76.487,0,41.11,-76.487,10
43.77,-86.618,0,41.11,-76.487,0,43.77,-86.618,10
43.77,-86.618,0,43.77,-86.618,10,39.303,-87.864,10
39.303,-87.864,0,43.77,-86.618,0,39.303,-87.864,10
37.853,-88.276,0,39.303,-87.864,0,39.303,-87.864,10
37.853,-88.276,0,39.303,-87.864,10,37.853,-88.276,10
34.401,-89.245,0,37.853,-88.276,0,37.853,-88.276,10
34.401,-89.245,0,37.853,-88.276,10,34.401,-89.245,10
34.401,-89.245,0,34.401,-89.245,10,36.148,-95.223,10
36.148,-95.223,0,34.401,-89.245,0,36.148,-95.223,10
36.148,-95.223,0,36.148,-95.223,10,33.139,-96.481,10
33.139,-96.481,0,36.148,-95.223,0,33.139,-96.481,10
35.807,-106,0,33.139,-96.481,0,33.139,-96.481,10
35.807,-106,0,33.139,-96.481,10,35.807,-106,10
33.531,-106.63,0,35.807,-106,0,35.807,-106,10
33.531,-106.63,0,35.807,-106,10,33.531,-106.63,10
15.167,-111.77,10,33.531,-106.63,0,33.531,-106.63,10
15.167,-111.77,0,33.531,-106.63,0,15.167,-111.77,10
15.167,-111.77,0,15.167,-111.77,10,11.049,-111.89,10
11.049,-111.89,0,15.167,-111.77,0,11.049,-111.89,10
11.049,-111.89,0,11.049,-111.89,10,10.734,-111.6,10
10.734,-111.6,0,11.049,-111.89,0,10.734,-111.6,10
9.0286,-111.02,0,10.734,-111.6,0,10.734,-111.6,10
9.0286,-111.02,0,10.734,-111.6,10,9.0286,-111.02,10
7.9458,-110.21,0,9.0286,-111.02,0,9.0286,-111.02,10
7.9458,-110.21,0,9.0286,-111.02,10,7.9458,-110.21,10
7.9458,-110.21,0,7.9458,-110.21,10,6.7949,-109.23,10
6.7949,-109.23,0,7.9458,-110.21,0,6.7949,-109.23,10
5.9082,-108.08,0,6.7949,-109.23,0,6.7949,-109.23,10
5.9082,-108.08,0,6.7949,-109.23,10,5.9082,-108.08,10
4.9022,-106.66,0,5.9082,-108.08,0,5.9082,-108.08,10
4.9022,-106.66,0,5.9082,-108.08,10,4.9022,-106.66,10
-0.051153,-87.586,0,4.9022,-106.66,0,4.9022,-106.66,10
-0.051153,-87.586,0,4.9022,-106.66,10,-0.051153,-87.586,10
0.78435,-86.929,0,-0.051153,-87.586,0,-0.051153,-87.586,10
0.78435,-86.929,0,-0.051153,-87.586,10,0.78435,-86.929,10
0.78435,-86.929,0,0.78435,-86.929,10,-0.75025,-81.909,10
-0.75025,-81.909,0,0.78435,-86.929,0,-0.75025,-81.909,10
-0.75025,-81.909,0,-0.75025,-81.909,10,-3.001,-79.66,10
-3.001,-79.66,0,-0.75025,-81.909,0,-3.001,-79.66,10
-3.001,-79.66,0,-3.001,-79.66,10,-4.1264,-76.588,10
-4.1264,-76.588,0,-3.001,-79.66,0,-4.1264,-76.588,10
-4.1264,-76.588,0,-4.1264,-76.588,10,-4.331,-73.215,10
-4.331,-73.215,0,-4.1264,-76.588,0,-4.331,-73.215,10
-4.331,-73.215,0,-4.331,-73.215,10,-3.5125,-71.166,10
-3.5125,-71.166,0,-4.331,-73.215,0,-3.5125,-71.166,10
-7.6047,-56.428,0,-3.5125,-71.166,0,-3.5125,-71.166,10
-7.6047,-56.428,0,-3.5125,-71.166,10,-7.6047,-56.428,10
-5.1494,-55.715,0,-7.6047,-56.428,0,-7.6047,-56.428,10
-5.1494,-55.715,0,-7.6047,-56.428,10,-5.1494,-55.715,10
-3.4102,-41.611,0,-5.1494,-55.715,0,-5.1494,-55.715,10
-3.4102,-41.611,0,-5.1494,-55.715,10,-3.4102,-41.611,10
-5.5842,-41.8,0,-3.4102,-41.611,0,-3.4102,-41.611,10
-5.5842,-41.8,0,-3.4102,-41.611,10,-5.5842,-41.8,10
-7.3234,-41.199,0,-5.5842,-41.8,0,-5.5842,-41.8,10
-7.3234,-41.199,0,-5.5842,-41.8,10,-7.3234,-41.199,10
-8.2868,-40.186,0,-7.3234,-41.199,0,-7.3234,-41.199,10
-8.2868,-40.186,0,-7.3234,-41.199,10,-8.2868,-40.186,10
-9.1564,-38.617,0,-8.2868,-40.186,0,-8.2868,-40.186,10
-9.1564,-38.617,0,-8.2868,-40.186,10,-9.1564,-38.617,10
-9.378,-37.348,0,-9.1564,-38.617,0,-9.1564,-38.617,10
-9.378,-37.348,0,-9.1564,-38.617,10,-9.378,-37.348,10
-9.3524,-36.112,0,-9.378,-37.348,0,-9.378,-37.348,10
-9.3524,-36.112,0,-9.378,-37.348,10,-9.3524,-36.112,10
-8.9262,-34.609,0,-9.3524,-36.112,0,-9.3524,-36.112,10
-8.9262,-34.609,0,-9.3524,-36.112,10,-8.9262,-34.609,10
-8.9262,-34.609,0,-8.9262,-34.609,10,-7.9628,-33.24,10
-7.9628,-33.24,0,-8.9262,-34.609,0,-7.9628,-33.24,10
-7.9628,-33.24,0,-7.9628,-33.24,10,-6.4538,-32.405,10
-6.4538,-32.405,0,-7.9628,-33.24,0,-6.4538,-32.405,10
-4.6208,-32.004,0,-6.4538,-32.405,0,-6.4538,-32.405,10
-4.6208,-32.004,0,-6.4538,-32.405,10,-4.6208,-32.004,10
20.896,-24.88,0,-4.6208,-32.004,0,-4.6208,-32.004,10
20.896,-24.88,0,-4.6208,-32.004,10,20.896,-24.88,10
-9.378,-37.348,0,-6.4538,-32.405,0,-3.4102,-41.611,0
-9.3524,-36.112,0,-6.4538,-32.405,0,-9.378,-37.348,0
-8.9262,-34.609,0,-6.4538,-32.405,0,-9.3524,-36.112,0
-7.9628,-33.24,0,-6.4538,-32.405,0,-8.9262,-34.609,0
6.7949,-109.23,0,5.9082,-108.08,0,7.9458,-110.21,0
-6.4538,-32.405,0,-4.6208,-32.004,0,-3.4102,-41.611,0
31.911,-79.014,0,41.11,-76.487,0,39.303,-87.864,0
39.303,-87.864,0,41.11,-76.487,0,43.77,-86.618,0
7.9458,-110.21,0,10.734,-111.6,0,9.0286,-111.02,0
-3.5125,-71.166,0,31.084,-63.519,0,29.694,-70.933,0
5.9082,-108.08,0,10.734,-111.6,0,7.9458,-110.21,0
29.694,-70.933,0,31.084,-63.519,0,31.425,-64.844,0
-5.1494,-55.715,0,31.084,-63.519,0,-3.5125,-71.166,0
10.734,-111.6,0,15.167,-111.77,0,11.049,-111.89,0
4.9022,-106.66,0,15.167,-111.77,0,5.9082,-108.08,0
5.9082,-108.08,0,15.167,-111.77,0,10.734,-111.6,0
31.084,-63.519,0,31.851,-61.148,0,32.559,-63.118,0
-5.1494,-55.715,0,31.851,-61.148,0,31.084,-63.519,0
-0.051153,-87.586,0,0.78435,-86.929,0,4.9022,-106.66,0
31.425,-64.844,0,36.37,-63.352,0,29.694,-70.933,0
-3.001,-79.66,0,-4.1264,-76.588,0,-0.75025,-81.909,0
37.751,-62.94,0,44.614,-67.07,0,36.37,-63.352,0
-4.331,-73.215,0,-3.5125,-71.166,0,-4.1264,-76.588,0
-4.1264,-76.588,0,-3.5125,-71.166,0,-0.75025,-81.909,0
37.751,-62.94,0,41.357,-61.849,0,44.614,-67.07,0
41.357,-61.849,0,43.949,-60.903,0,44.614,-67.07,0
-3.4102,-41.611,0,27.46,-37.581,0,-5.1494,-55.715,0
-5.1494,-55.715,0,27.46,-37.581,0,31.851,-61.148,0
31.851,-61.148,0,28.722,-37.426,0,34.869,-60.246,0
27.46,-37.581,0,28.722,-37.426,0,31.851,-61.148,0
33.531,-106.63,0,33.139,-96.481,0,35.807,-106,0
15.167,-111.77,0,33.139,-96.481,0,33.531,-106.63,0
-4.6208,-32.004,0,22.413,-30.457,0,-3.4102,-41.611,0
-3.4102,-41.611,0,22.413,-30.457,0,27.46,-37.581,0
4.9022,-106.66,0,33.139,-96.481,0,15.167,-111.77,0
0.78435,-86.929,0,33.139,-96.481,0,4.9022,-106.66,0
22.413,-30.457,0,25.218,-29.667,0,27.46,-37.581,0
-7.6047,-56.428,0,-5.1494,-55.715,0,-3.5125,-71.166,0
-4.6208,-32.004,0,20.896,-24.88,0,22.413,-30.457,0
44.614,-67.07,0,29.694,-70.933,0,36.37,-63.352,0
33.139,-96.481,0,34.401,-89.245,0,36.148,-95.223,0
0.78435,-86.929,0,34.401,-89.245,0,33.139,-96.481,0
-8.2868,-40.186,0,-5.5842,-41.8,0,-7.3234,-41.199,0
37.853,-88.276,0,31.911,-79.014,0,39.303,-87.864,0
34.401,-89.245,0,31.911,-79.014,0,37.853,-88.276,0
-0.75025,-81.909,0,31.911,-79.014,0,0.78435,-86.929,0
0.78435,-86.929,0,31.911,-79.014,0,34.401,-89.245,0
-8.2868,-40.186,0,-3.4102,-41.611,0,-5.5842,-41.8,0
-9.1564,-38.617,0,-3.4102,-41.611,0,-8.2868,-40.186,0
-9.378,-37.348,0,-3.4102,-41.611,0,-9.1564,-38.617,0
-0.75025,-81.909,0,29.694,-70.933,0,31.911,-79.014,0
-3.5125,-71.166,0,29.694,-70.933,0,-0.75025,-81.909,0
-6.4538,-32.405,10,-9.378,-37.348,10,-3.4102,-41.611,10
-6.4538,-32.405,10,-9.3524,-36.112,10,-9.378,-37.348,10
-6.4538,-32.405,10,-8.9262,-34.609,10,-9.3524,-36.112,10
-6.4538,-32.405,10,-7.9628,-33.24,10,-8.9262,-34.609,10
5.9082,-108.08,10,6.7949,-109.23,10,7.9458,-110.21,10
-4.6208,-32.004,10,-6.4538,-32.405,10,-3.4102,-41.611,10
41.11,-76.487,10,31.911,-79.014,10,39.303,-87.864,10
41.11,-76.487,10,39.303,-87.864,10,43.77,-86.618,10
10.734,-111.6,10,7.9458,-110.21,10,9.0286,-111.02,10
31.084,-63.519,10,-3.5125,-71.166,10,29.694,-70.933,10
10.734,-111.6,10,5.9082,-108.08,10,7.9458,-110.21,10
31.084,-63.519,10,29.694,-70.933,10,31.425,-64.844,10
31.084,-63.519,10,-5.1494,-55.715,10,-3.5125,-71.166,10
15.167,-111.77,10,10.734,-111.6,10,11.049,-111.89,10
15.167,-111.77,10,4.9022,-106.66,10,5.9082,-108.08,10
15.167,-111.77,10,5.9082,-108.08,10,10.734,-111.6,10
31.851,-61.148,10,31.084,-63.519,10,32.559,-63.118,10
31.851,-61.148,10,-5.1494,-55.715,10,31.084,-63.519,10
0.78435,-86.929,10,-0.051153,-87.586,10,4.9022,-106.66,10
36.37,-63.352,10,31.425,-64.844,10,29.694,-70.933,10
-4.1264,-76.588,10,-3.001,-79.66,10,-0.75025,-81.909,10
44.614,-67.07,10,37.751,-62.94,10,36.37,-63.352,10
-3.5125,-71.166,10,-4.331,-73.215,10,-4.1264,-76.588,10
-3.5125,-71.166,10,-4.1264,-76.588,10,-0.75025,-81.909,10
41.357,-61.849,10,37.751,-62.94,10,44.614,-67.07,10
43.949,-60.903,10,41.357,-61.849,10,44.614,-67.07,10
27.46,-37.581,10,-3.4102,-41.611,10,-5.1494,-55.715,10
27.46,-37.581,10,-5.1494,-55.715,10,31.851,-61.148,10
28.722,-37.426,10,31.851,-61.148,10,34.869,-60.246,10
28.722,-37.426,10,27.46,-37.581,10,31.851,-61.148,10
33.139,-96.481,10,33.531,-106.63,10,35.807,-106,10
33.139,-96.481,10,15.167,-111.77,10,33.531,-106.63,10
22.413,-30.457,10,-4.6208,-32.004,10,-3.4102,-41.611,10
22.413,-30.457,10,-3.4102,-41.611,10,27.46,-37.581,10
33.139,-96.481,10,4.9022,-106.66,10,15.167,-111.77,10
33.139,-96.481,10,0.78435,-86.929,10,4.9022,-106.66,10
25.218,-29.667,10,22.413,-30.457,10,27.46,-37.581,10
-5.1494,-55.715,10,-7.6047,-56.428,10,-3.5125,-71.166,10
20.896,-24.88,10,-4.6208,-32.004,10,22.413,-30.457,10
29.694,-70.933,10,44.614,-67.07,10,36.37,-63.352,10
34.401,-89.245,10,33.139,-96.481,10,36.148,-95.223,10
34.401,-89.245,10,0.78435,-86.929,10,33.139,-96.481,10
-5.5842,-41.8,10,-8.2868,-40.186,10,-7.3234,-41.199,10
31.911,-79.014,10,37.853,-88.276,10,39.303,-87.864,10
31.911,-79.014,10,34.401,-89.245,10,37.853,-88.276,10
31.911,-79.014,10,-0.75025,-81.909,10,0.78435,-86.929,10
31.911,-79.014,10,0.78435,-86.929,10,34.401,-89.245,10
-3.4102,-41.611,10,-8.2868,-40.186,10,-5.5842,-41.8,10
-3.4102,-41.611,10,-9.1564,-38.617,10,-8.2868,-40.186,10
-3.4102,-41.611,10,-9.378,-37.348,10,-9.1564,-38.617,10
29.694,-70.933,10,-0.75025,-81.909,10,31.911,-79.014,10
29.694,-70.933,10,-3.5125,-71.166,10,-0.75025,-81.909,10
-32.857,82.577,0,-40.743,80.284,0,-40.743,80.284,10
-32.857,82.577,0,-40.743,80.284,10,-32.857,82.577,10
-22.337,41.522,10,-32.857,82.577,0,-32.857,82.577,10
-22.337,41.522,0,-32.857,82.577,0,-22.337,41.522,10
-30.342,39.474,0,-22.337,41.522,0,-22.337,41.522,10
-30.342,39.474,0,-22.337,41.522,10,-30.342,39.474,10
-40.743,80.284,0,-30.342,39.474,0,-30.342,39.474,10
-40.743,80.284,0,-30.342,39.474,10,-40.743,80.284,10
-30.342,39.474,0,-40.743,80.284,0,-22.337,41.522,0
-40.743,80.284,0,-32.857,82.577,0,-22.337,41.522,0
-40.743,80.284,10,-30.342,39.474,10,-22.337,41.522,10
-32.857,82.577,10,-40.743,80.284,10,-22.337,41.522,10
-26.113,84.636,0,-32.857,82.577,0,-32.857,82.577,10
-26.113,84.636,0,-32.857,82.577,10,-26.113,84.636,10
-15.022,43.236,0,-26.113,84.636,0,-26.113,84.636,10
-15.022,43.236,0,-26.113,84.636,10,-15.022,43.236,10
-22.337,41.522,0,-15.022,43.236,0,-15.022,43.236,10
-22.337,41.522,0,-15.022,43.236,10,-22.337,41.522,10
-32.857,82.577,10,-22.337,41.522,0,-22.337,41.522,10
-32.857,82.577,0,-22.337,41.522,0,-32.857,82.577,10
-22.337,41.522,0,-32.857,82.577,0,-15.022,43.236,0
-32.857,82.577,0,-26.113,84.636,0,-15.022,43.236,0
-32.857,82.577,10,-22.337,41.522,10,-15.022,43.236,10
-26.113,84.636,10,-32.857,82.577,10,-15.022,43.236,10
-38.194,37.325,0,-30.342,39.474,0,-30.342,39.474,10
-38.194,37.325,0,-30.342,39.474,10,-38.194,37.325,10
-48.867,78.258,0,-38.194,37.325,0,-38.194,37.325,10
-48.867,78.258,0,-38.194,37.325,10,-48.867,78.258,10
-40.743,80.284,0,-48.867,78.258,0,-48.867,78.258,10
-40.743,80.284,0,-48.867,78.258,10,-40.743,80.284,10
-30.342,39.474,0,-40.743,80.284,0,-40.743,80.284,10
-30.342,39.474,0,-40.743,80.284,10,-30.342,39.474,10
-38.194,37.325,0,-48.867,78.258,0,-30.342,39.474,0
-48.867,78.258,0,-40.743,80.284,0,-30.342,39.474,0
-48.867,78.258,10,-38.194,37.325,10,-30.342,39.474,10
-40.743,80.284,10,-48.867,78.258,10,-30.342,39.474,10
-11.705,88.176,0,-19.02,86.351,0,-19.02,86.351,10
-11.705,88.176,0,-19.02,86.351,10,-11.705,88.176,10
-0.84401,46.676,10,-11.705,88.176,0,-11.705,88.176,10
-0.84401,46.676,0,-11.705,88.176,0,-0.84401,46.676,10
-8.5083,44.84,0,-0.84401,46.676,0,-0.84401,46.676,10
-8.5083,44.84,0,-0.84401,46.676,10,-8.5083,44.84,10
-19.02,86.351,0,-8.5083,44.84,0,-8.5083,44.84,10
-19.02,86.351,0,-8.5083,44.84,10,-19.02,86.351,10
-8.5083,44.84,0,-11.705,88.176,0,-0.84401,46.676,0
-19.02,86.351,0,-11.705,88.176,0,-8.5083,44.84,0
-11.705,88.176,10,-8.5083,44.84,10,-0.84401,46.676,10
-11.705,88.176,10,-19.02,86.351,10,-8.5083,44.84,10
38.313,-33.752,0,36.736,-34.32,0,36.736,-34.32,10
38.313,-33.752,0,36.736,-34.32,10,38.313,-33.752,10
35.722,-24.09,0,38.313,-33.752,0,38.313,-33.752,10
35.722,-24.09,0,38.313,-33.752,10,35.722,-24.09,10
35.722,-24.09,0,35.722,-24.09,10,37.998,-20.616,10
37.998,-20.616,0,35.722,-24.09,0,37.998,-20.616,10
42.44,-19.525,0,37.998,-20.616,0,37.998,-20.616,10
42.44,-19.525,0,37.998,-20.616,10,42.44,-19.525,10
42.039,-18.201,0,42.44,-19.525,0,42.44,-19.525,10
42.039,-18.201,0,42.44,-19.525,10,42.039,-18.201,10
64.231,-11.911,0,42.039,-18.201,0,42.039,-18.201,10
64.231,-11.911,0,42.039,-18.201,10,64.231,-11.911,10
69.661,-15.395,0,64.231,-11.911,0,64.231,-11.911,10
69.661,-15.395,0,64.231,-11.911,10,69.661,-15.395,10
75.493,-33.54,0,69.661,-15.395,0,69.661,-15.395,10
75.493,-33.54,0,69.661,-15.395,10,75.493,-33.54,10
67.309,-35.499,0,75.493,-33.54,0,75.493,-33.54,10
67.309,-35.499,0,75.493,-33.54,10,67.309,-35.499,10
66.013,-38.672,0,67.309,-35.499,0,67.309,-35.499,10
66.013,-38.672,0,67.309,-35.499,10,66.013,-38.672,10
64.947,-42.513,0,66.013,-38.672,0,66.013,-38.672,10
64.947,-42.513,0,66.013,-38.672,10,64.947,-42.513,10
64.947,-42.513,0,64.947,-42.513,10,64.418,-45.24,10
64.418,-45.24,0,64.947,-42.513,0,64.418,-45.24,10
64.231,-47.733,0,64.418,-45.24,0,64.418,-45.24,10
64.231,-47.733,0,64.418,-45.24,10,64.231,-47.733,10
64.743,-54.179,0,64.231,-47.733,0,64.231,-47.733,10
64.743,-54.179,0,64.231,-47.733,10,64.743,-54.179,10
65.732,-57.886,0,64.743,-54.179,0,64.743,-54.179,10
65.732,-57.886,0,64.743,-54.179,10,65.732,-57.886,10
65.732,-57.886,0,65.732,-57.886,10,66.993,-62.661,10
66.993,-62.661,0,65.732,-57.886,0,66.993,-62.661,10
67.701,-64.854,0,66.993,-62.661,0,66.993,-62.661,10
67.701,-64.854,0,66.993,-62.661,10,67.701,-64.854,10
68.835,-66.613,0,67.701,-64.854,0,67.701,-64.854,10
68.835,-66.613,0,67.701,-64.854,10,68.835,-66.613,10
70.071,-68.906,0,68.835,-66.613,0,68.835,-66.613,10
70.071,-68.906,0,68.835,-66.613,10,70.071,-68.906,10
71.981,-71.478,0,70.071,-68.906,0,70.071,-68.906,10
71.981,-71.478,0,70.071,-68.906,10,71.981,-71.478,10
73.294,-73.237,0,71.981,-71.478,0,71.981,-71.478,10
73.294,-73.237,0,71.981,-71.478,10,73.294,-73.237,10
75.289,-75.007,0,73.294,-73.237,0,73.294,-73.237,10
75.289,-75.007,0,73.294,-73.237,10,75.289,-75.007,10
78.75,-77.745,0,75.289,-75.007,0,75.289,-75.007,10
78.75,-77.745,0,75.289,-75.007,10,78.75,-77.745,10
86.909,-75.307,0,78.75,-77.745,0,78.75,-77.745,10
86.909,-75.307,0,78.75,-77.745,10,86.909,-75.307,10
88.034,-79.437,0,86.909,-75.307,0,86.909,-75.307,10
88.034,-79.437,0,86.909,-75.307,10,88.034,-79.437,10
85.792,-80.406,0,88.034,-79.437,0,88.034,-79.437,10
85.792,-80.406,0,88.034,-79.437,10,85.792,-80.406,10
87.898,-88.098,0,85.792,-80.406,0,85.792,-80.406,10
87.898,-88.098,0,85.792,-80.406,10,87.898,-88.098,10
89.305,-88.354,0,87.898,-88.098,0,87.898,-88.098,10
89.305,-88.354,0,87.898,-88.098,10,89.305,-88.354,10
90.635,-90.502,0,89.305,-88.354,0,89.305,-88.354,10
90.635,-90.502,0,89.305,-88.354,10,90.635,-90.502,10
90.533,-92.45,0,90.635,-90.502,0,90.635,-90.502,10
90.533,-92.45,0,90.635,-90.502,10,90.533,-92.45,10
90.533,-92.45,0,90.533,-92.45,10,88.896,-94.087,10
88.896,-94.087,0,90.533,-92.45,0,88.896,-94.087,10
86.031,-94.398,0,88.896,-94.087,0,88.896,-94.087,10
86.031,-94.398,0,88.896,-94.087,10,86.031,-94.398,10
54.308,-102.99,10,86.031,-94.398,0,86.031,-94.398,10
54.308,-102.99,0,86.031,-94.398,0,54.308,-102.99,10
44.614,-67.07,0,54.308,-102.99,0,54.308,-102.99,10
44.614,-67.07,0,54.308,-102.99,10,44.614,-67.07,10
43.949,-60.903,0,44.614,-67.07,0,44.614,-67.07,10
43.949,-60.903,0,44.614,-67.07,10,43.949,-60.903,10
36.736,-34.32,0,43.949,-60.903,0,43.949,-60.903,10
36.736,-34.32,0,43.949,-60.903,10,36.736,-34.32,10
42.44,-19.525,0,67.309,-35.499,0,38.313,-33.752,0
42.44,-19.525,0,64.231,-11.911,0,67.309,-35.499,0
42.039,-18.201,0,64.231,-11.911,0,42.44,-19.525,0
64.231,-11.911,0,69.661,-15.395,0,67.309,-35.499,0
67.309,-35.499,0,69.661,-15.395,0,75.493,-33.54,0
86.031,-94.398,0,87.898,-88.098,0,88.896,-94.087,0
88.896,-94.087,0,90.635,-90.502,0,90.533,-92.45,0
87.898,-88.098,0,90.635,-90.502,0,88.896,-94.087,0
73.294,-73.237,0,75.289,-75.007,0,54.308,-102.99,0
44.614,-67.07,0,71.981,-71.478,0,54.308,-102.99,0
54.308,-102.99,0,71.981,-71.478,0,73.294,-73.237,0
87.898,-88.098,0,89.305,-88.354,0,90.635,-90.502,0
54.308,-102.99,0,78.75,-77.745,0,86.031,-94.398,0
86.031,-94.398,0,78.75,-77.745,0,87.898,-88.098,0
75.289,-75.007,0,78.75,-77.745,0,54.308,-102.99,0
44.614,-67.07,0,70.071,-68.906,0,71.981,-71.478,0
44.614,-67.07,0,68.835,-66.613,0,70.071,-68.906,0
44.614,-67.07,0,67.701,-64.854,0,68.835,-66.613,0
44.614,-67.07,0,66.993,-62.661,0,67.701,-64.854,0
36.736,-34.32,0,38.313,-33.752,0,43.949,-60.903,0
78.75,-77.745,0,85.792,-80.406,0,87.898,-88.098,0
43.949,-60.903,0,65.732,-57.886,0,44.614,-67.07,0
44.614,-67.07,0,65.732,-57.886,0,66.993,-62.661,0
43.949,-60.903,0,64.743,-54.179,0,65.732,-57.886,0
85.792,-80.406,0,86.909,-75.307,0,88.034,-79.437,0
78.75,-77.745,0,86.909,-75.307,0,85.792,-80.406,0
38.313,-33.752,0,64.231,-47.733,0,43.949,-60.903,0
43.949,-60.903,0,64.231,-47.733,0,64.743,-54.179,0
38.313,-33.752,0,64.418,-45.24,0,64.231,-47.733,0
38.313,-33.752,0,64.947,-42.513,0,64.418,-45.24,0
35.722,-24.09,0,42.44,-19.525,0,38.313,-33.752,0
37.998,-20.616,0,42.44,-19.525,0,35.722,-24.09,0
38.313,-33.752,0,66.013,-38.672,0,64.947,-42.513,0
38.313,-33.752,0,67.309,-35.499,0,66.013,-38.672,0
67.309,-35.499,10,42.44,-19.525,10,38.313,-33.752,10
64.231,-11.911,10,42.44,-19.525,10,67.309,-35.499,10
64.231,-11.911,10,42.039,-18.201,10,42.44,-19.525,10
69.661,-15.395,10,64.231,-11.911,10,67.309,-35.499,10
69.661,-15.395,10,67.309,-35.499,10,75.493,-33.54,10
87.898,-88.098,10,86.031,-94.398,10,88.896,-94.087,10
90.635,-90.502,10,88.896,-94.087,10,90.533,-92.45,10
90.635,-90.502,10,87.898,-88.098,10,88.896,-94.087,10
75.289,-75.007,10,73.294,-73.237,10,54.308,-102.99,10
71.981,-71.478,10,44.614,-67.07,10,54.308,-102.99,10
71.981,-71.478,10,54.308,-102.99,10,73.294,-73.237,10
89.305,-88.354,10,87.898,-88.098,10,90.635,-90.502,10
78.75,-77.745,10,54.308,-102.99,10,86.031,-94.398,10
78.75,-77.745,10,86.031,-94.398,10,87.898,-88.098,10
78.75,-77.745,10,75.289,-75.007,10,54.308,-102.99,10
70.071,-68.906,10,44.614,-67.07,10,71.981,-71.478,10
68.835,-66.613,10,44.614,-67.07,10,70.071,-68.906,10
67.701,-64.854,10,44.614,-67.07,10,68.835,-66.613,10
66.993,-62.661,10,44.614,-67.07,10,67.701,-64.854,10
38.313,-33.752,10,36.736,-34.32,10,43.949,-60.903,10
85.792,-80.406,10,78.75,-77.745,10,87.898,-88.098,10
65.732,-57.886,10,43.949,-60.903,10,44.614,-67.07,10
65.732,-57.886,10,44.614,-67.07,10,66.993,-62.661,10
64.743,-54.179,10,43.949,-60.903,10,65.732,-57.886,10
86.909,-75.307,10,85.792,-80.406,10,88.034,-79.437,10
86.909,-75.307,10,78.75,-77.745,10,85.792,-80.406,10
64.231,-47.733,10,38.313,-33.752,10,43.949,-60.903,10
64.231,-47.733,10,43.949,-60.903,10,64.743,-54.179,10
64.418,-45.24,10,38.313,-33.752,10,64.231,-47.733,10
64.947,-42.513,10,38.313,-33.752,10,64.418,-45.24,10
42.44,-19.525,10,35.722,-24.09,10,38.313,-33.752,10
42.44,-19.525,10,37.998,-20.616,10,35.722,-24.09,10
66.013,-38.672,10,38.313,-33.752,10,64.947,-42.513,10
67.309,-35.499,10,38.313,-33.752,10,66.013,-38.672,10
-52.866,-2.5936,0,-54.631,3.952,0,-54.631,3.952,10
-52.866,-2.5936,0,-54.631,3.952,10,-52.866,-2.5936,10
-78.238,-9.4618,0,-52.866,-2.5936,0,-52.866,-2.5936,10
-78.238,-9.4618,0,-52.866,-2.5936,10,-78.238,-9.4618,10
-80.011,-2.9273,0,-78.238,-9.4618,0,-78.238,-9.4618,10
-80.011,-2.9273,0,-78.238,-9.4618,10,-80.011,-2.9273,10
-80.011,-2.9273,0,-80.011,-2.9273,10,-75.032,-1.5804,10
-75.032,-1.5804,0,-80.011,-2.9273,0,-75.032,-1.5804,10
-54.631,3.952,0,-75.032,-1.5804,0,-75.032,-1.5804,10
-54.631,3.952,0,-75.032,-1.5804,10,-54.631,3.952,10
-80.011,-2.9273,0,-75.032,-1.5804,0,-78.238,-9.4618,0
-75.032,-1.5804,0,-52.866,-2.5936,0,-78.238,-9.4618,0
-75.032,-1.5804,0,-54.631,3.952,0,-52.866,-2.5936,0
-75.032,-1.5804,10,-80.011,-2.9273,10,-78.238,-9.4618,10
-52.866,-2.5936,10,-75.032,-1.5804,10,-78.238,-9.4618,10
-54.631,3.952,10,-75.032,-1.5804,10,-52.866,-2.5936,10
-49.166,-16.253,0,-52.866,-2.5936,0,-52.866,-2.5936,10
-49.166,-16.253,0,-52.866,-2.5936,10,-49.166,-16.253,10
-74.538,-23.121,0,-49.166,-16.253,0,-49.166,-16.253,10
-74.538,-23.121,0,-49.166,-16.253,10,-74.538,-23.121,10
-78.238,-9.4618,0,-74.538,-23.121,0,-74.538,-23.121,10
-78.238,-9.4618,0,-74.538,-23.121,10,-78.238,-9.4618,10
-52.866,-2.5936,0,-78.238,-9.4618,0,-78.238,-9.4618,10
-52.866,-2.5936,0,-78.238,-9.4618,10,-52.866,-2.5936,10
-74.538,-23.121,0,-52.866,-2.5936,0,-49.166,-16.253,0
-78.238,-9.4618,0,-52.866,-2.5936,0,-74.538,-23.121,0
-52.866,-2.5936,10,-74.538,-23.121,10,-49.166,-16.253,10
-52.866,-2.5936,10,-78.238,-9.4618,10,-74.538,-23.121,10
116.92,47.961,0,94.299,41.927,0,94.299,41.927,10
116.92,47.961,0,94.299,41.927,10,116.92,47.961,10
114.85,55.664,0,116.92,47.961,0,116.92,47.961,10
114.85,55.664,0,116.92,47.961,10,114.85,55.664,10
134.54,60.919,0,114.85,55.664,0,114.85,55.664,10
134.54,60.919,0,114.85,55.664,10,134.54,60.919,10
142.01,32.911,0,134.54,60.919,0,134.54,60.919,10
142.01,32.911,0,134.54,60.919,10,142.01,32.911,10
114.58,25.597,10,142.01,32.911,0,142.01,32.911,10
114.58,25.597,0,142.01,32.911,0,114.58,25.597,10
113.88,28.191,0,114.58,25.597,0,114.58,25.597,10
113.88,28.191,0,114.58,25.597,10,113.88,28.191,10
99.508,24.361,0,113.88,28.191,0,113.88,28.191,10
99.508,24.361,0,113.88,28.191,10,99.508,24.361,10
100.28,21.456,0,99.508,24.361,0,99.508,24.361,10
100.28,21.456,0,99.508,24.361,10,100.28,21.456,10
85.288,17.459,0,100.28,21.456,0,100.28,21.456,10
85.288,17.459,0,100.28,21.456,10,85.288,17.459,10
81.247,32.621,0,85.288,17.459,0,85.288,17.459,10
81.247,32.621,0,85.288,17.459,10,81.247,32.621,10
82.202,32.877,0,81.247,32.621,0,81.247,32.621,10
82.202,32.877,0,81.247,32.621,10,82.202,32.877,10
80.752,38.309,0,82.202,32.877,0,82.202,32.877,10
80.752,38.309,0,82.202,32.877,10,80.752,38.309,10
94.299,41.927,0,80.752,38.309,0,80.752,38.309,10
94.299,41.927,0,80.752,38.309,10,94.299,41.927,10
81.247,32.621,0,82.202,32.877,0,85.288,17.459,0
85.288,17.459,0,99.508,24.361,0,100.28,21.456,0
82.202,32.877,0,99.508,24.361,0,85.288,17.459,0
80.752,38.309,0,94.299,41.927,0,82.202,32.877,0
82.202,32.877,0,94.299,41.927,0,99.508,24.361,0
94.299,41.927,0,113.88,28.191,0,99.508,24.361,0
94.299,41.927,0,116.92,47.961,0,113.88,28.191,0
113.88,28.191,0,142.01,32.911,0,114.58,25.597,0
116.92,47.961,0,142.01,32.911,0,113.88,28.191,0
114.85,55.664,0,134.54,60.919,0,116.92,47.961,0
116.92,47.961,0,134.54,60.919,0,142.01,32.911,0
82.202,32.877,10,81.247,32.621,10,85.288,17.459,10
99.508,24.361,10,85.288,17.459,10,100.28,21.456,10
99.508,24.361,10,82.202,32.877,10,85.288,17.459,10
94.299,41.927,10,80.752,38.309,10,82.202,32.877,10
94.299,41.927,10,82.202,32.877,10,99.508,24.361,10
113.88,28.191,10,94.299,41.927,10,99.508,24.361,10
116.92,47.961,10,94.299,41.927,10,113.88,28.191,10
142.01,32.911,10,113.88,28.191,10,114.58,25.597,10
142.01,32.911,10,116.92,47.961,10,113.88,28.191,10
134.54,60.919,10,114.85,55.664,10,116.92,47.961,10
134.54,60.919,10,116.92,47.961,10,142.01,32.911,10
75.066,58.814,0,80.752,38.309,6,75.066,58.814,6
75.066,58.814,0,80.752,38.309,0,80.752,38.309,6
80.752,38.309,0,94.265,42.05,0,80.752,38.309,6
80.752,38.309,6,94.265,42.05,0,94.265,42.05,6
94.265,42.05,6,94.265,42.05,0,94.299,41.927,6
94.265,42.05,0,94.299,41.927,0,94.299,41.927,6
94.299,41.927,0,92.057,49.987,0,94.299,41.927,6
94.299,41.927,6,92.057,49.987,0,92.057,49.987,6
92.057,49.987,0,103.03,53.037,0,92.057,49.987,6
92.057,49.987,6,103.03,53.037,0,103.03,53.037,6
103.03,53.037,0,99.525,65.627,0,103.03,53.037,6
103.03,53.037,6,99.525,65.627,0,99.525,65.627,6
99.525,65.627,0,75.066,58.814,0,99.525,65.627,6
99.525,65.627,6,75.066,58.814,0,75.066,58.814,6
75.066,58.814,0,92.057,49.987,0,80.752,38.309,0
80.752,38.309,0,92.057,49.987,0,94.265,42.05,0
92.057,49.987,0,99.525,65.627,0,103.03,53.037,0
75.066,58.814,0,99.525,65.627,0,92.057,49.987,0
92.057,49.987,0,94.299,41.927,0,94.265,42.05,0
92.057,49.987,6,75.066,58.814,6,80.752,38.309,6
92.057,49.987,6,80.752,38.309,6,94.265,42.05,6
99.525,65.627,6,92.057,49.987,6,103.03,53.037,6
99.525,65.627,6,75.066,58.814,6,92.057,49.987,6
94.299,41.927,6,92.057,49.987,6,94.265,42.05,6
60.564,1.5151,0,62.98,2.3,1.55,60.564,1.5151,1.55
62.98,2.3,0,62.98,2.3,1.55,60.564,1.5151,0
61.756,6.0662,1.55,59.341,5.2813,0,59.341,5.2813,1.55
61.756,6.0662,1.55,61.756,6.0662,0,59.341,5.2813,0
61.756,6.0662,0,61.756,6.0662,1.55,62.98,2.3,0
62.98,2.3,0,61.756,6.0662,1.55,62.98,2.3,1.55
59.341,5.2813,1.55,59.341,5.2813,0,60.564,1.5151,0
59.341,5.2813,1.55,60.564,1.5151,0,60.564,1.5151,1.55
60.564,1.5151,0,59.341,5.2813,0,62.98,2.3,0
62.98,2.3,0,59.341,5.2813,0,61.756,6.0662,0
59.341,5.2813,1.55,60.564,1.5151,1.55,62.98,2.3,1.55
59.341,5.2813,1.55,62.98,2.3,1.55,61.756,6.0662,1.55
-32.453,17.143,0,-30,17.8,1.3,-32.453,17.143,1.3
-30,17.8,0,-30,17.8,1.3,-32.453,17.143,0
-31.178,22.195,1.3,-33.631,21.538,0,-33.631,21.538,1.3
-31.178,22.195,1.3,-31.178,22.195,0,-33.631,21.538,0
-31.178,22.195,0,-31.178,22.195,1.3,-30,17.8,0
-30,17.8,0,-31.178,22.195,1.3,-30,17.8,1.3
-33.631,21.538,1.3,-33.631,21.538,0,-32.453,17.143,0
-33.631,21.538,1.3,-32.453,17.143,0,-32.453,17.143,1.3
-32.453,17.143,0,-33.631,21.538,0,-30,17.8,0
-30,17.8,0,-33.631,21.538,0,-31.178,22.195,0
-33.631,21.538,1.3,-32.453,17.143,1.3,-30,17.8,1.3
-33.631,21.538,1.3,-30,17.8,1.3,-31.178,22.195,1.3
-28.953,17.843,0,-26.5,18.5,1.3,-28.953,17.843,1.3
-26.5,18.5,0,-26.5,18.5,1.3,-28.953,17.843,0
-27.678,22.895,1.3,-30.131,22.238,0,-30.131,22.238,1.3
-27.678,22.895,1.3,-27.678,22.895,0,-30.131,22.238,0
-27.678,22.895,0,-27.678,22.895,1.3,-26.5,18.5,0
-26.5,18.5,0,-27.678,22.895,1.3,-26.5,18.5,1.3
-30.131,22.238,1.3,-30.131,22.238,0,-28.953,17.843,0
-30.131,22.238,1.3,-28.953,17.843,0,-28.953,17.843,1.3
-28.953,17.843,0,-30.131,22.238,0,-26.5,18.5,0
-26.5,18.5,0,-30.131,22.238,0,-27.678,22.895,0
-30.131,22.238,1.3,-28.953,17.843,1.3,-26.5,18.5,1.3
-30.131,22.238,1.3,-26.5,18.5,1.3,-27.678,22.895,1.3
56.521,0.037376,0,58.95,0.78,1.55,56.521,0.037376,1.55
58.95,0.78,0,58.95,0.78,1.55,56.521,0.037376,0
57.792,4.567,1.55,55.363,3.8243,0,55.363,3.8243,1.55
57.792,4.567,1.55,57.792,4.567,0,55.363,3.8243,0
57.792,4.567,0,57.792,4.567,1.55,58.95,0.78,0
58.95,0.78,0,57.792,4.567,1.55,58.95,0.78,1.55
55.363,3.8243,1.55,55.363,3.8243,0,56.521,0.037376,0
55.363,3.8243,1.55,56.521,0.037376,0,56.521,0.037376,1.55
56.521,0.037376,0,55.363,3.8243,0,58.95,0.78,0
58.95,0.78,0,55.363,3.8243,0,57.792,4.567,0
55.363,3.8243,1.55,56.521,0.037376,1.55,58.95,0.78,1.55
55.363,3.8243,1.55,58.95,0.78,1.55,57.792,4.567,1.55
30.666,33.343,0,33.12,34,2,30.666,33.343,2
33.12,34,0,33.12,34,2,30.666,33.343,0
31.942,38.395,0,29.489,37.738,0,29.489,37.738,2
31.942,38.395,2,31.942,38.395,0,29.489,37.738,2
31.942,38.395,0,31.942,38.395,2,33.12,34,0
33.12,34,0,31.942,38.395,2,33.12,34,2
29.489,37.738,2,29.489,37.738,0,30.666,33.343,0
29.489,37.738,2,30.666,33.343,0,30.666,33.343,2
30.666,33.343,0,29.489,37.738,0,33.12,34,0
33.12,34,0,29.489,37.738,0,31.942,38.395,0
29.489,37.738,2,30.666,33.343,2,33.12,34,2
29.489,37.738,2,33.12,34,2,31.942,38.395,2
35.271,4.059,0,62.22,11.28,1.2,35.271,4.059,1.2
62.22,11.28,0,62.22,11.28,1.2,35.271,4.059,0
61.195,15.105,1.2,34.246,7.884,0,34.246,7.884,1.2
61.195,15.105,1.2,61.195,15.105,0,34.246,7.884,0
61.195,15.105,0,61.195,15.105,1.2,62.22,11.28,0
62.22,11.28,0,61.195,15.105,1.2,62.22,11.28,1.2
34.246,7.884,1.2,34.246,7.884,0,35.271,4.059,0
34.246,7.884,1.2,35.271,4.059,0,35.271,4.059,1.2
35.271,4.059,0,34.246,7.884,0,62.22,11.28,0
62.22,11.28,0,34.246,7.884,0,61.195,15.105,0
34.246,7.884,1.2,35.271,4.059,1.2,62.22,11.28,1.2
34.246,7.884,1.2,62.22,11.28,1.2,61.195,15.105,1.2
0.44371,-5.7469,0,35.7,3.7,1.2,0.44371,-5.7469,1.2
35.7,3.7,0,35.7,3.7,1.2,0.44371,-5.7469,0
34.675,7.5251,1.2,-0.58122,-1.9218,0,-0.58122,-1.9218,1.2
34.675,7.5251,1.2,34.675,7.5251,0,-0.58122,-1.9218,0
34.675,7.5251,0,34.675,7.5251,1.2,35.7,3.7,0
35.7,3.7,0,34.675,7.5251,1.2,35.7,3.7,1.2
-0.58122,-1.9218,1.2,-0.58122,-1.9218,0,0.44371,-5.7469,0
-0.58122,-1.9218,1.2,0.44371,-5.7469,0,0.44371,-5.7469,1.2
0.44371,-5.7469,0,-0.58122,-1.9218,0,35.7,3.7,0
35.7,3.7,0,-0.58122,-1.9218,0,34.675,7.5251,0
-0.58122,-1.9218,1.2,0.44371,-5.7469,1.2,35.7,3.7,1.2
-0.58122,-1.9218,1.2,35.7,3.7,1.2,34.675,7.5251,1.2
-15.233,21.593,0,-12.78,22.25,0,-15.233,21.593,2
-12.78,22.25,0,-12.78,22.25,2,-15.233,21.593,2
-13.958,26.645,2,-16.411,25.988,0,-16.411,25.988,2
-13.958,26.645,2,-13.958,26.645,0,-16.411,25.988,0
-13.958,26.645,0,-13.958,26.645,2,-12.78,22.25,0
-12.78,22.25,0,-13.958,26.645,2,-12.78,22.25,2
-16.411,25.988,2,-16.411,25.988,0,-15.233,21.593,0
-16.411,25.988,2,-15.233,21.593,0,-15.233,21.593,2
-15.233,21.593,0,-16.411,25.988,0,-12.78,22.25,0
-12.78,22.25,0,-16.411,25.988,0,-13.958,26.645,0
-16.411,25.988,2,-15.233,21.593,2,-12.78,22.25,2
-16.411,25.988,2,-12.78,22.25,2,-13.958,26.645,2
-26.543,14.207,0,-27.2,16.66,2,-26.543,14.207,2
-27.2,16.66,0,-27.2,16.66,2,-26.543,14.207,0
-31.595,15.482,2,-30.938,13.029,0,-30.938,13.029,2
-31.595,15.482,2,-31.595,15.482,0,-30.938,13.029,0
-31.595,15.482,0,-31.595,15.482,2,-27.2,16.66,0
-27.2,16.66,0,-31.595,15.482,2,-27.2,16.66,2
-30.938,13.029,2,-30.938,13.029,0,-26.543,14.207,0
-30.938,13.029,2,-26.543,14.207,0,-26.543,14.207,2
-26.543,14.207,0,-30.938,13.029,0,-27.2,16.66,0
-27.2,16.66,0,-30.938,13.029,0,-31.595,15.482,0
-30.938,13.029,2,-26.543,14.207,2,-27.2,16.66,2
-30.938,13.029,2,-27.2,16.66,2,-31.595,15.482,2
-2.9535,24.843,0,-0.5,25.5,1.55,-2.9535,24.843,1.55
-0.5,25.5,0,-0.5,25.5,1.55,-2.9535,24.843,0
-1.6776,29.895,1.55,-4.1311,29.238,0,-4.1311,29.238,1.55
-1.6776,29.895,1.55,-1.6776,29.895,0,-4.1311,29.238,0
-1.6776,29.895,0,-1.6776,29.895,1.55,-0.5,25.5,0
-0.5,25.5,0,-1.6776,29.895,1.55,-0.5,25.5,1.55
-4.1311,29.238,0,-2.9535,24.843,0,-2.9535,24.843,1.55
-4.1311,29.238,1.55,-4.1311,29.238,0,-2.9535,24.843,1.55
-2.9535,24.843,0,-1.6776,29.895,0,-0.5,25.5,0
-2.9535,24.843,0,-4.1311,29.238,0,-1.6776,29.895,0
-1.6776,29.895,1.55,-2.9535,24.843,1.55,-0.5,25.5,1.55
-4.1311,29.238,1.55,-2.9535,24.843,1.55,-1.6776,29.895,1.55
0.29655,25.593,0,2.75,26.25,2,0.29655,25.593,2
2.75,26.25,0,2.75,26.25,2,0.29655,25.593,0
1.5724,30.645,2,-0.88108,29.988,0,-0.88108,29.988,2
1.5724,30.645,2,1.5724,30.645,0,-0.88108,29.988,0
1.5724,30.645,0,1.5724,30.645,2,2.75,26.25,0
2.75,26.25,0,1.5724,30.645,2,2.75,26.25,2
-0.88108,29.988,2,-0.88108,29.988,0,0.29655,25.593,0
-0.88108,29.988,2,0.29655,25.593,0,0.29655,25.593,2
0.29655,25.593,0,1.5724,30.645,0,2.75,26.25,0
0.29655,25.593,0,-0.88108,29.988,0,1.5724,30.645,0
1.5724,30.645,2,0.29655,25.593,2,2.75,26.25,2
-0.88108,29.988,2,0.29655,25.593,2,1.5724,30.645,2
14.046,29.143,0,16.5,29.8,1.55,14.046,29.143,1.55
16.5,29.8,0,16.5,29.8,1.55,14.046,29.143,0
15.322,34.195,1.55,12.869,33.538,0,12.869,33.538,1.55
15.322,34.195,1.55,15.322,34.195,0,12.869,33.538,0
16.5,29.8,0,15.322,34.195,0,16.5,29.8,1.55
15.322,34.195,0,15.322,34.195,1.55,16.5,29.8,1.55
12.869,33.538,1.55,12.869,33.538,0,14.046,29.143,0
12.869,33.538,1.55,14.046,29.143,0,14.046,29.143,1.55
14.046,29.143,0,12.869,33.538,0,16.5,29.8,0
16.5,29.8,0,12.869,33.538,0,15.322,34.195,0
12.869,33.538,1.55,14.046,29.143,1.55,16.5,29.8,1.55
12.869,33.538,1.55,16.5,29.8,1.55,15.322,34.195,1.55
-23.193,2.5465,0,-23.85,5,2,-23.193,2.5465,2
-23.85,5,0,-23.85,5,2,-23.193,2.5465,0
-28.245,3.8224,2,-27.588,1.3689,0,-27.588,1.3689,2
-28.245,3.8224,2,-28.245,3.8224,0,-27.588,1.3689,0
-28.245,3.8224,0,-28.245,3.8224,2,-23.85,5,0
-23.85,5,0,-28.245,3.8224,2,-23.85,5,2
-27.588,1.3689,2,-27.588,1.3689,0,-23.193,2.5465,0
-27.588,1.3689,2,-23.193,2.5465,0,-23.193,2.5465,2
-23.193,2.5465,0,-28.245,3.8224,0,-23.85,5,0
-23.193,2.5465,0,-27.588,1.3689,0,-28.245,3.8224,0
-28.245,3.8224,2,-23.193,2.5465,2,-23.85,5,2
-27.588,1.3689,2,-23.193,2.5465,2,-28.245,3.8224,2
3.3466,26.343,0,5.8,27,1.55,3.3466,26.343,1.55
5.8,27,0,5.8,27,1.55,3.3466,26.343,0
4.6224,31.395,1.55,2.1689,30.738,0,2.1689,30.738,1.55
4.6224,31.395,1.55,4.6224,31.395,0,2.1689,30.738,0
4.6224,31.395,0,4.6224,31.395,1.55,5.8,27,0
5.8,27,0,4.6224,31.395,1.55,5.8,27,1.55
2.1689,30.738,1.55,2.1689,30.738,0,3.3466,26.343,0
2.1689,30.738,1.55,3.3466,26.343,0,3.3466,26.343,1.55
3.3466,26.343,0,2.1689,30.738,0,5.8,27,0
5.8,27,0,2.1689,30.738,0,4.6224,31.395,0
2.1689,30.738,1.55,3.3466,26.343,1.55,5.8,27,1.55
2.1689,30.738,1.55,5.8,27,1.55,4.6224,31.395,1.55
-16.543,-20.794,0,-17.2,-18.34,2.25,-16.543,-20.794,2.25
-17.2,-18.34,0,-17.2,-18.34,2.25,-16.543,-20.794,0
-21.595,-19.518,2.25,-20.938,-21.971,0,-20.938,-21.971,2.25
-21.595,-19.518,2.25,-21.595,-19.518,0,-20.938,-21.971,0
-21.595,-19.518,0,-21.595,-19.518,2.25,-17.2,-18.34,0
-17.2,-18.34,0,-21.595,-19.518,2.25,-17.2,-18.34,2.25
-20.938,-21.971,2.25,-20.938,-21.971,0,-16.543,-20.794,0
-20.938,-21.971,2.25,-16.543,-20.794,0,-16.543,-20.794,2.25
-16.543,-20.794,0,-20.938,-21.971,0,-17.2,-18.34,0
-17.2,-18.34,0,-20.938,-21.971,0,-21.595,-19.518,0
-20.938,-21.971,2.25,-16.543,-20.794,2.25,-17.2,-18.34,2.25
-20.938,-21.971,2.25,-17.2,-18.34,2.25,-21.595,-19.518,2.25
42.981,-3.7161,0,53.5,-0.5,2,42.981,-3.7161,2
53.5,-0.5,0,53.5,-0.5,2,42.981,-3.7161,0
52.342,3.287,2,41.823,0.070878,0,41.823,0.070878,2
52.342,3.287,2,52.342,3.287,0,41.823,0.070878,0
52.342,3.287,0,52.342,3.287,2,53.5,-0.5,0
53.5,-0.5,0,52.342,3.287,2,53.5,-0.5,2
41.823,0.070878,2,41.823,0.070878,0,42.981,-3.7161,0
41.823,0.070878,2,42.981,-3.7161,0,42.981,-3.7161,2
42.981,-3.7161,0,41.823,0.070878,0,53.5,-0.5,0
53.5,-0.5,0,41.823,0.070878,0,52.342,3.287,0
41.823,0.070878,2,42.981,-3.7161,2,53.5,-0.5,2
41.823,0.070878,2,53.5,-0.5,2,52.342,3.287,2
-18.793,-12.793,0,-19.45,-10.34,1.3,-18.793,-12.793,1.3
-19.45,-10.34,0,-19.45,-10.34,1.3,-18.793,-12.793,0
-23.845,-11.518,1.3,-23.188,-13.971,0,-23.188,-13.971,1.3
-23.845,-11.518,1.3,-23.845,-11.518,0,-23.188,-13.971,0
-23.845,-11.518,0,-23.845,-11.518,1.3,-19.45,-10.34,0
-19.45,-10.34,0,-23.845,-11.518,1.3,-19.45,-10.34,1.3
-23.188,-13.971,0,-18.793,-12.793,0,-18.793,-12.793,1.3
-23.188,-13.971,1.3,-23.188,-13.971,0,-18.793,-12.793,1.3
-18.793,-12.793,0,-23.188,-13.971,0,-19.45,-10.34,0
-19.45,-10.34,0,-23.188,-13.971,0,-23.845,-11.518,0
-23.188,-13.971,1.3,-18.793,-12.793,1.3,-19.45,-10.34,1.3
-23.188,-13.971,1.3,-19.45,-10.34,1.3,-23.845,-11.518,1.3
-19.943,-9.0534,0,-20.6,-6.6,1.3,-19.943,-9.0534,1.3
-20.6,-6.6,0,-20.6,-6.6,1.3,-19.943,-9.0534,0
-24.995,-7.7776,1.3,-24.338,-10.231,0,-24.338,-10.231,1.3
-24.995,-7.7776,1.3,-24.995,-7.7776,0,-24.338,-10.231,0
-20.6,-6.6,0,-24.995,-7.7776,0,-20.6,-6.6,1.3
-24.995,-7.7776,0,-24.995,-7.7776,1.3,-20.6,-6.6,1.3
-24.338,-10.231,0,-19.943,-9.0534,0,-19.943,-9.0534,1.3
-24.338,-10.231,1.3,-24.338,-10.231,0,-19.943,-9.0534,1.3
-19.943,-9.0534,0,-24.338,-10.231,0,-20.6,-6.6,0
-20.6,-6.6,0,-24.338,-10.231,0,-24.995,-7.7776,0
-24.338,-10.231,1.3,-19.943,-9.0534,1.3,-20.6,-6.6,1.3
-24.338,-10.231,1.3,-20.6,-6.6,1.3,-24.995,-7.7776,1.3
17.497,30.093,0,19.95,30.75,1.55,17.497,30.093,1.55
19.95,30.75,0,19.95,30.75,1.55,17.497,30.093,0
18.772,35.145,1.55,16.319,34.488,0,16.319,34.488,1.55
18.772,35.145,1.55,18.772,35.145,0,16.319,34.488,0
18.772,35.145,0,18.772,35.145,1.55,19.95,30.75,0
19.95,30.75,0,18.772,35.145,1.55,19.95,30.75,1.55
16.319,34.488,1.55,16.319,34.488,0,17.497,30.093,0
16.319,34.488,1.55,17.497,30.093,0,17.497,30.093,1.55
17.497,30.093,0,16.319,34.488,0,19.95,30.75,0
19.95,30.75,0,16.319,34.488,0,18.772,35.145,0
16.319,34.488,1.55,17.497,30.093,1.55,19.95,30.75,1.55
16.319,34.488,1.55,19.95,30.75,1.55,18.772,35.145,1.55
24.346,31.543,0,26.8,32.2,1.55,24.346,31.543,1.55
26.8,32.2,0,26.8,32.2,1.55,24.346,31.543,0
25.622,36.595,1.55,23.169,35.938,0,23.169,35.938,1.55
25.622,36.595,1.55,25.622,36.595,0,23.169,35.938,0
25.622,36.595,0,25.622,36.595,1.55,26.8,32.2,0
26.8,32.2,0,25.622,36.595,1.55,26.8,32.2,1.55
23.169,35.938,1.55,23.169,35.938,0,24.346,31.543,0
23.169,35.938,1.55,24.346,31.543,0,24.346,31.543,1.55
24.346,31.543,0,23.169,35.938,0,26.8,32.2,0
26.8,32.2,0,23.169,35.938,0,25.622,36.595,0
23.169,35.938,1.55,24.346,31.543,1.55,26.8,32.2,1.55
23.169,35.938,1.55,26.8,32.2,1.55,25.622,36.595,1.55
-5.7335,24.093,0,-3.28,24.75,1.55,-5.7335,24.093,1.55
-3.28,24.75,0,-3.28,24.75,1.55,-5.7335,24.093,0
-4.4576,29.145,1.55,-6.9111,28.488,0,-6.9111,28.488,1.55
-4.4576,29.145,1.55,-4.4576,29.145,0,-6.9111,28.488,0
-4.4576,29.145,0,-4.4576,29.145,1.55,-3.28,24.75,0
-3.28,24.75,0,-4.4576,29.145,1.55,-3.28,24.75,1.55
-6.9111,28.488,1.55,-6.9111,28.488,0,-5.7335,24.093,0
-6.9111,28.488,1.55,-5.7335,24.093,0,-5.7335,24.093,1.55
-5.7335,24.093,0,-4.4576,29.145,0,-3.28,24.75,0
-5.7335,24.093,0,-6.9111,28.488,0,-4.4576,29.145,0
-4.4576,29.145,1.55,-5.7335,24.093,1.55,-3.28,24.75,1.55
-6.9111,28.488,1.55,-5.7335,24.093,1.55,-4.4576,29.145,1.55
-25.543,10.347,0,-26.2,12.8,2,-25.543,10.347,2
-26.2,12.8,0,-26.2,12.8,2,-25.543,10.347,0
-30.595,11.622,2,-29.938,9.1689,0,-29.938,9.1689,2
-30.595,11.622,2,-30.595,11.622,0,-29.938,9.1689,0
-30.595,11.622,0,-30.595,11.622,2,-26.2,12.8,0
-26.2,12.8,0,-30.595,11.622,2,-26.2,12.8,2
-29.938,9.1689,2,-29.938,9.1689,0,-25.543,10.347,0
-29.938,9.1689,2,-25.543,10.347,0,-25.543,10.347,2
-25.543,10.347,0,-29.938,9.1689,0,-26.2,12.8,0
-26.2,12.8,0,-29.938,9.1689,0,-30.595,11.622,0
-29.938,9.1689,2,-25.543,10.347,2,-26.2,12.8,2
-29.938,9.1689,2,-26.2,12.8,2,-30.595,11.622,2
-22.043,-1.4534,0,-22.7,1,2,-22.043,-1.4534,2
-22.7,1,0,-22.7,1,2,-22.043,-1.4534,0
-27.095,-0.17763,2,-26.438,-2.6311,0,-26.438,-2.6311,2
-27.095,-0.17763,2,-27.095,-0.17763,0,-26.438,-2.6311,0
-27.095,-0.17763,0,-27.095,-0.17763,2,-22.7,1,0
-22.7,1,0,-27.095,-0.17763,2,-22.7,1,2
-26.438,-2.6311,2,-26.438,-2.6311,0,-22.043,-1.4534,0
-26.438,-2.6311,2,-22.043,-1.4534,0,-22.043,-1.4534,2
-22.043,-1.4534,0,-27.095,-0.17763,0,-22.7,1,0
-22.043,-1.4534,0,-26.438,-2.6311,0,-27.095,-0.17763,0
-27.095,-0.17763,2,-22.043,-1.4534,2,-22.7,1,2
-26.438,-2.6311,2,-22.043,-1.4534,2,-27.095,-0.17763,2
-20.993,-5.2035,0,-21.65,-2.75,2,-20.993,-5.2035,2
-21.65,-2.75,0,-21.65,-2.75,2,-20.993,-5.2035,0
-26.045,-3.9276,2,-25.388,-6.3811,0,-25.388,-6.3811,2
-26.045,-3.9276,2,-26.045,-3.9276,0,-25.388,-6.3811,0
-26.045,-3.9276,0,-26.045,-3.9276,2,-21.65,-2.75,0
-21.65,-2.75,0,-26.045,-3.9276,2,-21.65,-2.75,2
-25.388,-6.3811,2,-25.388,-6.3811,0,-20.993,-5.2035,0
-25.388,-6.3811,2,-20.993,-5.2035,0,-20.993,-5.2035,2
-20.993,-5.2035,0,-25.388,-6.3811,0,-21.65,-2.75,0
-21.65,-2.75,0,-25.388,-6.3811,0,-26.045,-3.9276,0
-25.388,-6.3811,2,-20.993,-5.2035,2,-21.65,-2.75,2
-25.388,-6.3811,2,-21.65,-2.75,2,-26.045,-3.9276,2
6.9466,27.093,0,9.4,27.75,1.55,6.9466,27.093,1.55
9.4,27.75,0,9.4,27.75,1.55,6.9466,27.093,0
8.2224,32.145,1.55,5.7689,31.488,0,5.7689,31.488,1.55
8.2224,32.145,1.55,8.2224,32.145,0,5.7689,31.488,0
8.2224,32.145,0,8.2224,32.145,1.55,9.4,27.75,0
9.4,27.75,0,8.2224,32.145,1.55,9.4,27.75,1.55
5.7689,31.488,1.55,5.7689,31.488,0,6.9466,27.093,0
5.7689,31.488,1.55,6.9466,27.093,0,6.9466,27.093,1.55
6.9466,27.093,0,5.7689,31.488,0,9.4,27.75,0
9.4,27.75,0,5.7689,31.488,0,8.2224,32.145,0
5.7689,31.488,1.55,6.9466,27.093,1.55,9.4,27.75,1.55
5.7689,31.488,1.55,9.4,27.75,1.55,8.2224,32.145,1.55
-25.953,18.743,0,-23.5,19.4,2.25,-25.953,18.743,2.25
-23.5,19.4,0,-23.5,19.4,2.25,-25.953,18.743,0
-24.678,23.795,2.25,-27.131,23.138,0,-27.131,23.138,2.25
-24.678,23.795,2.25,-24.678,23.795,0,-27.131,23.138,0
-24.678,23.795,0,-24.678,23.795,2.25,-23.5,19.4,0
-23.5,19.4,0,-24.678,23.795,2.25,-23.5,19.4,2.25
-27.131,23.138,2.25,-27.131,23.138,0,-25.953,18.743,0
-27.131,23.138,2.25,-25.953,18.743,0,-25.953,18.743,2.25
-25.953,18.743,0,-27.131,23.138,0,-23.5,19.4,0
-23.5,19.4,0,-27.131,23.138,0,-24.678,23.795,0
-27.131,23.138,2.25,-25.953,18.743,2.25,-23.5,19.4,2.25
-27.131,23.138,2.25,-23.5,19.4,2.25,-24.678,23.795,2.25
-9.4535,23.093,0,-7,23.75,0,-9.4535,23.093,2
-7,23.75,0,-7,23.75,2,-9.4535,23.093,2
-8.1776,28.145,2,-10.631,27.488,0,-10.631,27.488,2
-8.1776,28.145,2,-8.1776,28.145,0,-10.631,27.488,0
-8.1776,28.145,0,-8.1776,28.145,2,-7,23.75,0
-7,23.75,0,-8.1776,28.145,2,-7,23.75,2
-10.631,27.488,2,-10.631,27.488,0,-9.4535,23.093,0
-10.631,27.488,2,-9.4535,23.093,0,-9.4535,23.093,2
-9.4535,23.093,0,-10.631,27.488,0,-7,23.75,0
-7,23.75,0,-10.631,27.488,0,-8.1776,28.145,0
-10.631,27.488,2,-9.4535,23.093,2,-7,23.75,2
-10.631,27.488,2,-7,23.75,2,-8.1776,28.145,2
21.096,30.643,0,23.55,31.3,1.55,21.096,30.643,1.55
23.55,31.3,0,23.55,31.3,1.55,21.096,30.643,0
22.372,35.695,1.55,19.919,35.038,0,19.919,35.038,1.55
22.372,35.695,1.55,22.372,35.695,0,19.919,35.038,0
22.372,35.695,0,22.372,35.695,1.55,23.55,31.3,0
23.55,31.3,0,22.372,35.695,1.55,23.55,31.3,1.55
19.919,35.038,1.55,19.919,35.038,0,21.096,30.643,0
19.919,35.038,1.55,21.096,30.643,0,21.096,30.643,1.55
21.096,30.643,0,19.919,35.038,0,23.55,31.3,0
23.55,31.3,0,19.919,35.038,0,22.372,35.695,0
19.919,35.038,1.55,21.096,30.643,1.55,23.55,31.3,1.55
19.919,35.038,1.55,23.55,31.3,1.55,22.372,35.695,1.55
-22.453,19.843,0,-20,20.5,1.3,-22.453,19.843,1.3
-20,20.5,0,-20,20.5,1.3,-22.453,19.843,0
-21.178,24.895,1.3,-23.631,24.238,0,-23.631,24.238,1.3
-21.178,24.895,1.3,-21.178,24.895,0,-23.631,24.238,0
-21.178,24.895,0,-21.178,24.895,1.3,-20,20.5,0
-20,20.5,0,-21.178,24.895,1.3,-20,20.5,1.3
-23.631,24.238,1.3,-23.631,24.238,0,-22.453,19.843,0
-23.631,24.238,1.3,-22.453,19.843,0,-22.453,19.843,1.3
-22.453,19.843,0,-23.631,24.238,0,-20,20.5,0
-20,20.5,0,-23.631,24.238,0,-21.178,24.895,0
-23.631,24.238,1.3,-22.453,19.843,1.3,-20,20.5,1.3
-23.631,24.238,1.3,-20,20.5,1.3,-21.178,24.895,1.3
-19.034,20.843,0,-16.58,21.5,2,-19.034,20.843,2
-16.58,21.5,0,-16.58,21.5,2,-19.034,20.843,0
-17.758,25.895,2,-20.211,25.238,0,-20.211,25.238,2
-17.758,25.895,2,-17.758,25.895,0,-20.211,25.238,0
-17.758,25.895,0,-17.758,25.895,2,-16.58,21.5,0
-16.58,21.5,0,-17.758,25.895,2,-16.58,21.5,2
-20.211,25.238,2,-20.211,25.238,0,-19.034,20.843,0
-20.211,25.238,2,-19.034,20.843,0,-19.034,20.843,2
-19.034,20.843,0,-20.211,25.238,0,-16.58,21.5,0
-16.58,21.5,0,-20.211,25.238,0,-17.758,25.895,0
-20.211,25.238,2,-19.034,20.843,2,-16.58,21.5,2
-20.211,25.238,2,-16.58,21.5,2,-17.758,25.895,2
7.9843,-12.485,0,10.4,-11.7,1.55,7.9843,-12.485,1.55
10.4,-11.7,0,10.4,-11.7,1.55,7.9843,-12.485,0
9.1763,-7.9338,1.55,6.7606,-8.7187,0,6.7606,-8.7187,1.55
9.1763,-7.9338,1.55,9.1763,-7.9338,0,6.7606,-8.7187,0
10.4,-11.7,0,9.1763,-7.9338,0,10.4,-11.7,1.55
9.1763,-7.9338,0,9.1763,-7.9338,1.55,10.4,-11.7,1.55
6.7606,-8.7187,1.55,6.7606,-8.7187,0,7.9843,-12.485,0
6.7606,-8.7187,1.55,7.9843,-12.485,0,7.9843,-12.485,1.55
7.9843,-12.485,0,6.7606,-8.7187,0,10.4,-11.7,0
10.4,-11.7,0,6.7606,-8.7187,0,9.1763,-7.9338,0
6.7606,-8.7187,1.55,7.9843,-12.485,1.55,10.4,-11.7,1.55
6.7606,-8.7187,1.55,10.4,-11.7,1.55,9.1763,-7.9338,1.55
12.675,-12.027,0,18,-10.5,1.55,12.675,-12.027,1.55
18,-10.5,0,18,-10.5,1.55,12.675,-12.027,0
16.909,-6.6934,1.55,11.583,-8.2204,0,11.583,-8.2204,1.55
16.909,-6.6934,1.55,16.909,-6.6934,0,11.583,-8.2204,0
18,-10.5,0,16.909,-6.6934,0,18,-10.5,1.55
16.909,-6.6934,0,16.909,-6.6934,1.55,18,-10.5,1.55
11.583,-8.2204,1.55,11.583,-8.2204,0,12.675,-12.027,0
11.583,-8.2204,1.55,12.675,-12.027,0,12.675,-12.027,1.55
12.675,-12.027,0,11.583,-8.2204,0,18,-10.5,0
18,-10.5,0,11.583,-8.2204,0,16.909,-6.6934,0
11.583,-8.2204,1.55,12.675,-12.027,1.55,18,-10.5,1.55
11.583,-8.2204,1.55,18,-10.5,1.55,16.909,-6.6934,1.55
2.6132,-14.149,0,5,-13.28,1.55,2.6132,-14.149,1.55
5,-13.28,0,5,-13.28,1.55,2.6132,-14.149,0
3.6456,-9.5588,1.55,1.2588,-10.428,0,1.2588,-10.428,1.55
3.6456,-9.5588,1.55,3.6456,-9.5588,0,1.2588,-10.428,0
3.6456,-9.5588,0,3.6456,-9.5588,1.55,5,-13.28,0
5,-13.28,0,3.6456,-9.5588,1.55,5,-13.28,1.55
1.2588,-10.428,1.55,1.2588,-10.428,0,2.6132,-14.149,0
1.2588,-10.428,1.55,2.6132,-14.149,0,2.6132,-14.149,1.55
2.6132,-14.149,0,1.2588,-10.428,0,5,-13.28,0
5,-13.28,0,1.2588,-10.428,0,3.6456,-9.5588,0
1.2588,-10.428,1.55,2.6132,-14.149,1.55,5,-13.28,1.55
1.2588,-10.428,1.55,5,-13.28,1.55,3.6456,-9.5588,1.55
65.546,2.3426,0,68,3,2,65.546,2.3426,2
68,3,0,68,3,2,65.546,2.3426,0
66.835,7.3467,2,64.382,6.6893,0,64.382,6.6893,2
66.835,7.3467,2,66.835,7.3467,0,64.382,6.6893,0
66.835,7.3467,0,66.835,7.3467,2,68,3,0
68,3,0,66.835,7.3467,2,68,3,2
64.382,6.6893,2,64.382,6.6893,0,65.546,2.3426,0
64.382,6.6893,2,65.546,2.3426,0,65.546,2.3426,2
65.546,2.3426,0,66.835,7.3467,0,68,3,0
65.546,2.3426,0,64.382,6.6893,0,66.835,7.3467,0
66.835,7.3467,2,65.546,2.3426,2,68,3,2
64.382,6.6893,2,65.546,2.3426,2,66.835,7.3467,2
18.299,-10.74,0,42.85,-3.7,1.55,18.299,-10.74,1.55
42.85,-3.7,0,42.85,-3.7,1.55,18.299,-10.74,0
41.758,0.1066,1.55,17.208,-6.9332,0,17.208,-6.9332,1.55
41.758,0.1066,1.55,41.758,0.1066,0,17.208,-6.9332,0
41.758,0.1066,0,41.758,0.1066,1.55,42.85,-3.7,0
42.85,-3.7,0,41.758,0.1066,1.55,42.85,-3.7,1.55
17.208,-6.9332,1.55,17.208,-6.9332,0,18.299,-10.74,0
17.208,-6.9332,1.55,18.299,-10.74,0,18.299,-10.74,1.55
18.299,-10.74,0,17.208,-6.9332,0,42.85,-3.7,0
42.85,-3.7,0,17.208,-6.9332,0,41.758,0.1066,0
17.208,-6.9332,1.55,18.299,-10.74,1.55,42.85,-3.7,1.55
17.208,-6.9332,1.55,42.85,-3.7,1.55,41.758,0.1066,1.55
70.546,3.3426,0,73,4,2.1,70.546,3.3426,2.1
73,4,0,73,4,2.1,70.546,3.3426,0
71.835,8.3467,0,69.382,7.6893,0,69.382,7.6893,2.1
71.835,8.3467,2.1,71.835,8.3467,0,69.382,7.6893,2.1
71.835,8.3467,0,71.835,8.3467,2.1,73,4,0
73,4,0,71.835,8.3467,2.1,73,4,2.1
69.382,7.6893,2.1,69.382,7.6893,0,70.546,3.3426,0
69.382,7.6893,2.1,70.546,3.3426,0,70.546,3.3426,2.1
70.546,3.3426,0,69.382,7.6893,0,73,4,0
73,4,0,69.382,7.6893,0,71.835,8.3467,0
69.382,7.6893,2.1,70.546,3.3426,2.1,73,4,2.1
69.382,7.6893,2.1,73,4,2.1,71.835,8.3467,2.1
