-0.000596,-0.089753,0,10.006,-0.089753,0,-0.000596,-0.089753,3
-0.000596,-0.089753,3,10.006,-0.089753,0,10.006,-0.089753,3
-0.000596,0.11025,0,-0.000596,-0.089753,0,-0.000596,-0.089753,3
-0.000596,0.11025,0,-0.000596,-0.089753,3,-0.000596,0.11025,3
10.006,0.11025,0,-0.000596,0.11025,0,-0.000596,0.11025,3
10.006,0.11025,0,-0.000596,0.11025,3,10.006,0.11025,3
10.006,-0.089753,0,10.006,0.11025,0,10.006,-0.089753,3
10.006,-0.089753,3,10.006,0.11025,0,10.006,0.11025,3
-0.000596,-0.089753,0,10.006,0.11025,0,10.006,-0.089753,0
-0.000596,0.11025,0,10.006,0.11025,0,-0.000596,-0.089753,0
10.006,0.11025,3,-0.000596,-0.089753,3,10.006,-0.089753,3
10.006,0.11025,3,-0.000596,0.11025,3,-0.000596,-0.089753,3
-0.97413,5.8849,0,-0.87413,5.9349,0,-0.87413,5.8849,0
-0.97413,5.8849,0,-0.97413,5.9349,0,-0.87413,5.9349,0
-0.97413,4.3849,2.15,-0.97413,4.335,2.2,-0.97413,5.9349,2.2
-0.97413,4.3849,2.15,-0.97413,5.9349,2.2,-0.97413,5.8849,2.15
-0.97413,5.9349,0,-0.97413,5.8849,2.15,-0.97413,5.9349,2.2
-0.97413,5.8849,0,-0.97413,5.8849,2.15,-0.97413,5.9349,0
-0.97413,4.335,0,-0.97413,4.3849,2.15,-0.97413,4.3849,0
-0.97413,4.335,0,-0.97413,4.335,2.2,-0.97413,4.3849,2.15
-0.97413,5.8849,2.15,-0.87413,5.8849,0,-0.87413,5.8849,2.15
-0.97413,5.8849,2.15,-0.97413,5.8849,0,-0.87413,5.8849,0
-0.87413,4.335,2.2,-0.87413,4.3849,2.15,-0.87413,5.9349,2.2
-0.87413,5.9349,2.2,-0.87413,4.3849,2.15,-0.87413,5.8849,2.15
-0.87413,5.8849,2.15,-0.87413,5.9349,0,-0.87413,5.9349,2.2
-0.87413,5.8849,2.15,-0.87413,5.8849,0,-0.87413,5.9349,0
-0.87413,4.3849,2.15,-0.87413,4.335,0,-0.87413,4.3849,0
-0.87413,4.335,2.2,-0.87413,4.335,0,-0.87413,4.3849,2.15
-0.87413,5.9349,0,-0.97413,5.9349,2.2,-0.87413,5.9349,2.2
-0.97413,5.9349,0,-0.97413,5.9349,2.2,-0.87413,5.9349,0
-0.87413,5.9349,2.2,-0.97413,4.335,2.2,-0.87413,4.335,2.2
-0.97413,5.9349,2.2,-0.97413,4.335,2.2,-0.87413,5.9349,2.2
-0.87413,4.335,2.2,-0.97413,4.335,0,-0.87413,4.335,0
-0.97413,4.335,2.2,-0.97413,4.335,0,-0.87413,4.335,2.2
-0.97413,4.335,0,-0.87413,4.3849,0,-0.87413,4.335,0
-0.97413,4.335,0,-0.97413,4.3849,0,-0.87413,4.3849,0
-0.97413,4.3849,0,-0.87413,4.3849,2.15,-0.87413,4.3849,0
-0.97413,4.3849,0,-0.97413,4.3849,2.15,-0.87413,4.3849,2.15
-0.97413,4.3849,2.15,-0.97413,5.8849,2.15,-0.87413,4.3849,2.15
-0.87413,4.3849,2.15,-0.97413,5.8849,2.15,-0.87413,5.8849,2.15
-0.92414,4.3899,0.005,-0.92414,5.88,0.005,-0.87413,5.88,0.005
-0.92414,4.3899,0.005,-0.87413,5.88,0.005,-0.87413,4.3899,0.005
-0.92414,5.88,0.005,-0.92414,5.88,2.145,-0.87413,5.88,2.145
-0.92414,5.88,0.005,-0.87413,5.88,2.145,-0.87413,5.88,0.005
-0.92414,4.3899,2.145,-0.92414,4.3899,0.005,-0.87413,4.3899,0.005
-0.92414,4.3899,2.145,-0.87413,4.3899,0.005,-0.87413,4.3899,2.145
-0.92414,4.3899,2.145,-0.92414,5.88,2.145,-0.92414,5.83,2.095
-0.92414,4.4399,2.095,-0.92414,4.3899,2.145,-0.92414,5.83,2.095
-0.92414,5.83,0.055,-0.92414,5.88,2.145,-0.92414,5.88,0.005
-0.92414,5.83,0.055,-0.92414,5.83,2.095,-0.92414,5.88,2.145
-0.92414,4.4399,0.055,-0.92414,5.83,0.055,-0.92414,5.88,0.005
-0.92414,4.3899,0.005,-0.92414,4.4399,0.055,-0.92414,5.88,0.005
-0.92414,4.3899,0.005,-0.92414,4.3899,2.145,-0.92414,4.4399,2.095
-0.92414,4.3899,0.005,-0.92414,4.4399,2.095,-0.92414,4.4399,0.055
-0.87413,5.88,2.145,-0.87413,4.3899,2.145,-0.87413,5.83,2.095
-0.87413,4.3899,2.145,-0.87413,4.4399,2.095,-0.87413,5.83,2.095
-0.87413,5.88,2.145,-0.87413,5.83,0.055,-0.87413,5.88,0.005
-0.87413,5.83,2.095,-0.87413,5.83,0.055,-0.87413,5.88,2.145
-0.87413,5.83,0.055,-0.87413,4.4399,0.055,-0.87413,5.88,0.005
-0.87413,4.4399,0.055,-0.87413,4.3899,0.005,-0.87413,5.88,0.005
-0.87413,4.3899,2.145,-0.87413,4.3899,0.005,-0.87413,4.4399,2.095
-0.87413,4.4399,2.095,-0.87413,4.3899,0.005,-0.87413,4.4399,0.055
-0.92414,5.88,2.145,-0.92414,4.3899,2.145,-0.87413,4.3899,2.145
-0.92414,5.88,2.145,-0.87413,4.3899,2.145,-0.87413,5.88,2.145
-0.92414,5.83,0.055,-0.87413,4.4399,0.055,-0.87413,5.83,0.055
-0.92414,5.83,0.055,-0.92414,4.4399,0.055,-0.87413,4.4399,0.055
-0.92414,4.4399,0.055,-0.92414,4.4399,2.095,-0.87413,4.4399,0.055
-0.87413,4.4399,0.055,-0.92414,4.4399,2.095,-0.87413,4.4399,2.095
-0.92414,4.4399,2.095,-0.87413,5.83,2.095,-0.87413,4.4399,2.095
-0.92414,4.4399,2.095,-0.92414,5.83,2.095,-0.87413,5.83,2.095
-0.92414,5.83,2.095,-0.92414,5.83,0.055,-0.87413,5.83,2.095
-0.87413,5.83,2.095,-0.92414,5.83,0.055,-0.87413,5.83,0.055
-0.89914,4.4399,0.055,-0.89914,5.83,0.055,-0.89414,5.83,0.055
-0.89914,4.4399,0.055,-0.89414,5.83,0.055,-0.89414,4.4399,0.055
-0.89914,4.4399,2.095,-0.89914,4.4399,0.055,-0.89414,4.4399,0.055
-0.89914,4.4399,2.095,-0.89414,4.4399,0.055,-0.89414,4.4399,2.095
-0.89914,5.83,2.095,-0.89914,4.4399,2.095,-0.89414,4.4399,2.095
-0.89914,5.83,2.095,-0.89414,4.4399,2.095,-0.89414,5.83,2.095
-0.89914,5.83,0.055,-0.89914,5.83,2.095,-0.89414,5.83,2.095
-0.89914,5.83,0.055,-0.89414,5.83,2.095,-0.89414,5.83,0.055
-0.89914,5.83,0.055,-0.89914,4.4399,2.095,-0.89914,5.83,2.095
-0.89914,4.4399,0.055,-0.89914,4.4399,2.095,-0.89914,5.83,0.055
-0.89414,4.4399,2.095,-0.89414,5.83,0.055,-0.89414,5.83,2.095
-0.89414,4.4399,2.095,-0.89414,4.4399,0.055,-0.89414,5.83,0.055
-0.10601,19.081,0,-0.10601,15.004,0,-0.10601,19.081,3
-0.10601,19.081,3,-0.10601,15.004,0,-0.10601,15.004,3
0.093987,19.081,0,-0.10601,19.081,0,-0.10601,19.081,3
0.093987,19.081,0,-0.10601,19.081,3,0.093987,19.081,3
-0.10601,15.004,0,-0.98044,15.004,0,-0.10601,15.004,3
-0.10601,15.004,3,-0.98044,15.004,0,-0.98044,15.004,3
-0.98044,14.628,0,-0.78044,14.804,0,-0.78044,14.628,0
-0.98044,14.628,0,-0.98044,15.004,0,-0.78044,14.804,0
-0.98044,15.004,0,-0.10601,15.004,0,-0.78044,14.804,0
-0.10601,19.081,0,0.093987,19.081,0,-0.10601,15.004,0
-0.10601,15.004,0,0.093987,19.081,0,0.093987,14.804,0
0.093987,14.804,0,-0.78044,14.804,0,-0.10601,15.004,0
-0.098206,3.9079,3,-0.098206,-0.084164,3,0.10179,-0.084164,3
-0.098206,3.9079,3,-0.77414,4.1079,3,-0.97413,3.9079,3
0.10179,4.1079,3,-0.098206,3.9079,3,0.10179,-0.084164,3
0.10179,4.1079,3,-0.77414,4.1079,3,-0.098206,3.9079,3
-0.77414,6.2089,3,-0.97413,3.9079,3,-0.77414,4.1079,3
-0.97413,6.4089,3,-0.97413,3.9079,3,-0.77414,6.2089,3
-0.099312,6.4089,3,-0.77414,6.2089,3,0.10069,6.2089,3
-0.099312,6.4089,3,-0.97413,6.4089,3,-0.77414,6.2089,3
-0.099312,8.3887,3,-0.77539,8.5887,3,-0.97539,8.3887,3
0.10069,8.5887,3,-0.099312,8.3887,3,-0.099312,6.4089,3
0.10069,8.5887,3,-0.099312,6.4089,3,0.10069,6.2089,3
0.10069,8.5887,3,-0.77539,8.5887,3,-0.099312,8.3887,3
-0.97539,10.788,3,-0.77539,8.5887,3,-0.77539,10.588,3
-0.97539,10.788,3,-0.97539,8.3887,3,-0.77539,8.5887,3
-0.10112,10.788,3,-0.77539,10.588,3,0.098883,10.588,3
-0.10112,10.788,3,-0.97539,10.788,3,-0.77539,10.588,3
-0.10112,12.656,3,-0.78044,12.856,3,-0.98044,12.656,3
0.098883,12.856,3,-0.10112,12.656,3,-0.10112,10.788,3
0.098883,12.856,3,-0.10112,10.788,3,0.098883,10.588,3
0.098883,12.856,3,-0.78044,12.856,3,-0.10112,12.656,3
-0.98044,15.004,3,-0.78044,12.856,3,-0.78044,14.804,3
-0.98044,15.004,3,-0.98044,12.656,3,-0.78044,12.856,3
-0.10601,15.004,3,-0.98044,15.004,3,-0.78044,14.804,3
0.093987,14.804,3,-0.10601,15.004,3,-0.78044,14.804,3
0.093987,19.081,3,-0.10601,19.081,3,-0.10601,15.004,3
0.093987,19.081,3,-0.10601,15.004,3,0.093987,14.804,3
0.093987,14.804,3,0.093987,19.081,0,0.093987,19.081,3
0.093987,14.804,0,0.093987,19.081,0,0.093987,14.804,3
-0.98044,14.628,2.2,-0.98044,12.656,3,-0.98044,15.004,3
-0.98044,14.628,2.2,-0.98044,13.028,2.2,-0.98044,12.656,3
-0.98044,15.004,3,-0.98044,15.004,0,-0.98044,14.628,2.2
-0.98044,15.004,0,-0.98044,14.628,0,-0.98044,14.628,2.2
-0.98044,13.028,0,-0.98044,12.656,0,-0.98044,13.028,2.2
-0.98044,13.028,2.2,-0.98044,12.656,0,-0.98044,12.656,3
-0.78044,14.804,0,0.093987,14.804,0,0.093987,14.804,3
-0.78044,14.804,0,0.093987,14.804,3,-0.78044,14.804,3
-0.78044,12.856,3,-0.78044,14.628,2.2,-0.78044,14.804,3
-0.78044,13.028,2.2,-0.78044,14.628,2.2,-0.78044,12.856,3
-0.78044,14.628,0,-0.78044,14.804,0,-0.78044,14.628,2.2
-0.78044,12.856,0,-0.78044,13.028,0,-0.78044,13.028,2.2
-0.78044,12.856,3,-0.78044,12.856,0,-0.78044,13.028,2.2
-0.78044,14.804,0,-0.78044,14.804,3,-0.78044,14.628,2.2
-0.98044,14.628,2.2,-0.78044,14.628,0,-0.78044,14.628,2.2
-0.98044,14.628,2.2,-0.98044,14.628,0,-0.78044,14.628,0
-0.98044,12.656,3,-0.98044,12.656,0,-0.10112,12.656,3
-0.98044,12.656,0,-0.10112,12.656,0,-0.10112,12.656,3
-0.10112,12.656,0,-0.10112,10.788,0,-0.10112,12.656,3
-0.10112,12.656,3,-0.10112,10.788,0,-0.10112,10.788,3
-0.10112,10.788,0,-0.97539,10.788,0,-0.10112,10.788,3
-0.10112,10.788,3,-0.97539,10.788,0,-0.97539,10.788,3
-0.97539,10.368,2.2,-0.97539,8.3887,3,-0.97539,10.788,3
-0.97539,10.368,2.2,-0.97539,8.7682,2.2,-0.97539,8.3887,3
-0.97539,10.788,3,-0.97539,10.788,0,-0.97539,10.368,2.2
-0.97539,10.788,0,-0.97539,10.368,0,-0.97539,10.368,2.2
-0.97539,8.7682,0,-0.97539,8.3887,0,-0.97539,8.7682,2.2
-0.97539,8.7682,2.2,-0.97539,8.3887,0,-0.97539,8.3887,3
-0.97539,8.3887,0,-0.099312,8.3887,0,-0.97539,8.3887,3
-0.97539,8.3887,3,-0.099312,8.3887,0,-0.099312,8.3887,3
-0.099312,8.3887,0,-0.099312,6.4089,0,-0.099312,8.3887,3
-0.099312,8.3887,3,-0.099312,6.4089,0,-0.099312,6.4089,3
-0.099312,6.4089,3,-0.099312,6.4089,0,-0.97413,6.4089,3
-0.099312,6.4089,0,-0.97413,6.4089,0,-0.97413,6.4089,3
-0.97413,5.9349,2.2,-0.97413,3.9079,3,-0.97413,6.4089,3
-0.97413,5.9349,2.2,-0.97413,4.335,2.2,-0.97413,3.9079,3
-0.97413,6.4089,3,-0.97413,6.4089,0,-0.97413,5.9349,2.2
-0.97413,6.4089,0,-0.97413,5.9349,0,-0.97413,5.9349,2.2
-0.97413,4.335,0,-0.97413,3.9079,0,-0.97413,4.335,2.2
-0.97413,4.335,2.2,-0.97413,3.9079,0,-0.97413,3.9079,3
-0.97413,3.9079,0,-0.098206,3.9079,0,-0.97413,3.9079,3
-0.97413,3.9079,3,-0.098206,3.9079,0,-0.098206,3.9079,3
-0.098206,3.9079,0,-0.098206,-0.084164,3,-0.098206,3.9079,3
-0.098206,3.9079,0,-0.098206,-0.084164,0,-0.098206,-0.084164,3
-0.098206,-0.084164,0,0.10179,-0.084164,0,-0.098206,-0.084164,3
-0.098206,-0.084164,3,0.10179,-0.084164,0,0.10179,-0.084164,3
0.10179,-0.084164,0,0.10179,4.1079,0,0.10179,4.1079,3
0.10179,-0.084164,0,0.10179,4.1079,3,0.10179,-0.084164,3
0.10179,4.1079,0,-0.77414,4.1079,0,-0.77414,4.1079,3
0.10179,4.1079,0,-0.77414,4.1079,3,0.10179,4.1079,3
-0.77414,4.1079,3,-0.77414,5.9349,2.2,-0.77414,6.2089,3
-0.77414,4.335,2.2,-0.77414,5.9349,2.2,-0.77414,4.1079,3
-0.77414,6.2089,0,-0.77414,6.2089,3,-0.77414,5.9349,2.2
-0.77414,5.9349,0,-0.77414,6.2089,0,-0.77414,5.9349,2.2
-0.77414,4.1079,0,-0.77414,4.335,0,-0.77414,4.335,2.2
-0.77414,4.1079,3,-0.77414,4.1079,0,-0.77414,4.335,2.2
0.10069,6.2089,0,0.10069,6.2089,3,-0.77414,6.2089,3
-0.77414,6.2089,0,0.10069,6.2089,0,-0.77414,6.2089,3
0.10069,6.2089,0,0.10069,8.5887,0,0.10069,8.5887,3
0.10069,6.2089,0,0.10069,8.5887,3,0.10069,6.2089,3
0.10069,8.5887,0,-0.77539,8.5887,0,-0.77539,8.5887,3
0.10069,8.5887,0,-0.77539,8.5887,3,0.10069,8.5887,3
-0.77539,8.5887,3,-0.77539,10.368,2.2,-0.77539,10.588,3
-0.77539,8.7682,2.2,-0.77539,10.368,2.2,-0.77539,8.5887,3
-0.77539,10.368,0,-0.77539,10.588,0,-0.77539,10.368,2.2
-0.77539,8.5887,0,-0.77539,8.7682,0,-0.77539,8.7682,2.2
-0.77539,8.5887,3,-0.77539,8.5887,0,-0.77539,8.7682,2.2
-0.77539,10.588,0,-0.77539,10.588,3,-0.77539,10.368,2.2
-0.77539,10.588,0,0.098883,10.588,0,0.098883,10.588,3
-0.77539,10.588,0,0.098883,10.588,3,-0.77539,10.588,3
0.098883,10.588,0,0.098883,12.856,0,0.098883,12.856,3
0.098883,10.588,0,0.098883,12.856,3,0.098883,10.588,3
-0.78044,12.856,0,-0.78044,12.856,3,0.098883,12.856,3
0.098883,12.856,0,-0.78044,12.856,0,0.098883,12.856,3
-0.78044,13.028,2.2,-0.98044,14.628,2.2,-0.78044,14.628,2.2
-0.98044,13.028,2.2,-0.98044,14.628,2.2,-0.78044,13.028,2.2
-0.98044,13.028,0,-0.78044,13.028,2.2,-0.78044,13.028,0
-0.98044,13.028,0,-0.98044,13.028,2.2,-0.78044,13.028,2.2
-0.97539,10.368,0,-0.77539,10.588,0,-0.77539,10.368,0
-0.97539,10.788,0,-0.77539,10.588,0,-0.97539,10.368,0
-0.97539,10.788,0,-0.10112,10.788,0,-0.77539,10.588,0
-0.98044,13.028,0,-0.78044,12.856,0,-0.98044,12.656,0
-0.98044,13.028,0,-0.78044,13.028,0,-0.78044,12.856,0
-0.78044,12.856,0,-0.10112,12.656,0,-0.98044,12.656,0
-0.10112,12.656,0,0.098883,12.856,0,-0.10112,10.788,0
-0.10112,10.788,0,0.098883,12.856,0,0.098883,10.588,0
-0.78044,12.856,0,0.098883,12.856,0,-0.10112,12.656,0
0.098883,10.588,0,-0.77539,10.588,0,-0.10112,10.788,0
-0.77539,10.368,0,-0.97539,10.368,2.2,-0.97539,10.368,0
-0.77539,10.368,0,-0.77539,10.368,2.2,-0.97539,10.368,2.2
-0.97539,10.368,2.2,-0.77539,8.7682,2.2,-0.97539,8.7682,2.2
-0.77539,10.368,2.2,-0.77539,8.7682,2.2,-0.97539,10.368,2.2
-0.77539,8.7682,2.2,-0.97539,8.7682,0,-0.97539,8.7682,2.2
-0.77539,8.7682,2.2,-0.77539,8.7682,0,-0.97539,8.7682,0
-0.97413,5.9349,0,-0.77414,6.2089,0,-0.77414,5.9349,0
-0.97413,6.4089,0,-0.77414,6.2089,0,-0.97413,5.9349,0
-0.97413,6.4089,0,-0.099312,6.4089,0,-0.77414,6.2089,0
-0.97539,8.7682,0,-0.77539,8.5887,0,-0.97539,8.3887,0
-0.97539,8.7682,0,-0.77539,8.7682,0,-0.77539,8.5887,0
-0.099312,6.4089,0,-0.099312,8.3887,0,0.10069,6.2089,0
-0.77539,8.5887,0,-0.099312,8.3887,0,-0.97539,8.3887,0
-0.099312,8.3887,0,0.10069,8.5887,0,0.10069,6.2089,0
-0.77539,8.5887,0,0.10069,8.5887,0,-0.099312,8.3887,0
0.10069,6.2089,0,-0.77414,6.2089,0,-0.099312,6.4089,0
-0.77414,5.9349,0,-0.97413,5.9349,2.2,-0.97413,5.9349,0
-0.77414,5.9349,0,-0.77414,5.9349,2.2,-0.97413,5.9349,2.2
-0.97413,5.9349,2.2,-0.77414,4.335,2.2,-0.97413,4.335,2.2
-0.77414,5.9349,2.2,-0.77414,4.335,2.2,-0.97413,5.9349,2.2
-0.77414,4.335,2.2,-0.97413,4.335,0,-0.97413,4.335,2.2
-0.77414,4.335,2.2,-0.77414,4.335,0,-0.97413,4.335,0
-0.97413,3.9079,0,-0.97413,4.335,0,-0.77414,4.1079,0
-0.97413,4.335,0,-0.77414,4.335,0,-0.77414,4.1079,0
-0.098206,-0.084164,0,-0.098206,3.9079,0,0.10179,-0.084164,0
-0.77414,4.1079,0,-0.098206,3.9079,0,-0.97413,3.9079,0
-0.098206,3.9079,0,0.10179,4.1079,0,0.10179,-0.084164,0
-0.77414,4.1079,0,0.10179,4.1079,0,-0.098206,3.9079,0
0,18.98,0,10,18.98,-0.01,0,18.98,-0.01
0,18.98,0,10,18.98,0,10,18.98,-0.01
10,18.98,0,10,15.13,0,10,18.98,-0.01
10,18.98,-0.01,10,15.13,0,10,15.13,-0.01
10,15.13,0,11,15.13,0,10,15.13,-0.01
10,15.13,-0.01,11,15.13,0,11,15.13,-0.01
11,15.13,0,11,13.41,0,11,15.13,-0.01
11,15.13,-0.01,11,13.41,0,11,13.41,-0.01
11,13.41,0,10,13.41,0,11,13.41,-0.01
11,13.41,-0.01,10,13.41,0,10,13.41,-0.01
10,13.41,0,10,10.37,-0.01,10,13.41,-0.01
10,13.41,0,10,10.37,0,10,10.37,-0.01
10,10.37,0,11,10.37,0,10,10.37,-0.01
10,10.37,-0.01,11,10.37,0,11,10.37,-0.01
11,10.37,0,11,8.41,0,11,10.37,-0.01
11,10.37,-0.01,11,8.41,0,11,8.41,-0.01
11,8.41,0,10,8.41,0,11,8.41,-0.01
11,8.41,-0.01,10,8.41,0,10,8.41,-0.01
10,8.41,0,10,5.179,0,10,8.41,-0.01
10,8.41,-0.01,10,5.179,0,10,5.179,-0.01
10,5.179,0,11,5.179,0,10,5.179,-0.01
10,5.179,-0.01,11,5.179,0,11,5.179,-0.01
11,5.179,0,11,3,0,11,5.179,-0.01
11,5.179,-0.01,11,3,0,11,3,-0.01
11,3,0,10,3,0,11,3,-0.01
11,3,-0.01,10,3,0,10,3,-0.01
10,3,0,10,0,-0.01,10,3,-0.01
10,3,0,10,0,0,10,0,-0.01
10,0,0,0,0,-0.01,10,0,-0.01
10,0,0,0,0,0,0,0,-0.01
0,0,0,0,4,0,0,0,-0.01
0,0,-0.01,0,4,0,0,4,-0.01
0,4,0,-0.875,4,0,0,4,-0.01
0,4,-0.01,-0.875,4,0,-0.875,4,-0.01
-0.875,4,0,-0.875,6.303,-0.01,-0.875,4,-0.01
-0.875,4,0,-0.875,6.303,0,-0.875,6.303,-0.01
-0.875,6.303,0,-0,6.303,0,-0.875,6.303,-0.01
-0.875,6.303,-0.01,-0,6.303,0,-0,6.303,-0.01
-0,6.303,0,0,8.48,-0.01,-0,6.303,-0.01
-0,6.303,0,0,8.48,0,0,8.48,-0.01
0,8.48,0,-0.875,8.48,0,0,8.48,-0.01
0,8.48,-0.01,-0.875,8.48,0,-0.875,8.48,-0.01
-0.875,8.48,0,-0.875,10.68,-0.01,-0.875,8.48,-0.01
-0.875,8.48,0,-0.875,10.68,0,-0.875,10.68,-0.01
-0.875,10.68,0,0,10.68,0,-0.875,10.68,-0.01
-0.875,10.68,-0.01,0,10.68,0,0,10.68,-0.01
0,10.68,0,0,12.75,0,0,10.68,-0.01
0,10.68,-0.01,0,12.75,0,0,12.75,-0.01
0,12.75,0,-0.875,12.75,0,0,12.75,-0.01
0,12.75,-0.01,-0.875,12.75,0,-0.875,12.75,-0.01
-0.875,12.75,0,-0.875,14.89,0,-0.875,12.75,-0.01
-0.875,12.75,-0.01,-0.875,14.89,0,-0.875,14.89,-0.01
-0.875,14.89,0,0,14.89,0,-0.875,14.89,-0.01
-0.875,14.89,-0.01,0,14.89,0,0,14.89,-0.01
0,14.89,0,0,18.98,-0.01,0,14.89,-0.01
0,14.89,0,0,18.98,0,0,18.98,-0.01
11,3,0,11,5.179,0,10,3,0
11,5.179,0,10,5.179,0,10,3,0
11,8.41,0,11,10.37,0,10,8.41,0
10,3,0,0,0,0,10,0,0
11,10.37,0,10,10.37,0,10,8.41,0
10,5.179,0,0,4,0,10,3,0
10,3,0,0,4,0,0,0,0
11,15.13,0,10,15.13,0,11,13.41,0
11,13.41,0,10,15.13,0,10,13.41,0
10,8.41,0,-0,6.303,0,10,5.179,0
10,5.179,0,-0,6.303,0,0,4,0
0,4,0,-0.875,6.303,0,-0.875,4,0
-0,6.303,0,-0.875,6.303,0,0,4,0
10,10.37,0,0,8.48,0,10,8.41,0
10,8.41,0,0,8.48,0,-0,6.303,0
0,8.48,0,0,10.68,0,-0.875,8.48,0
10,10.37,0,0,10.68,0,0,8.48,0
0,10.68,0,-0.875,10.68,0,-0.875,8.48,0
10,13.41,0,0,12.75,0,10,10.37,0
10,10.37,0,0,12.75,0,0,10.68,0
10,15.13,0,0,14.89,0,10,13.41,0
10,13.41,0,0,14.89,0,0,12.75,0
0,12.75,0,-0.875,14.89,0,-0.875,12.75,0
0,14.89,0,-0.875,14.89,0,0,12.75,0
10,18.98,0,0,18.98,0,10,15.13,0
10,15.13,0,0,18.98,0,0,14.89,0
11,5.179,-0.01,11,3,-0.01,10,3,-0.01
10,5.179,-0.01,11,5.179,-0.01,10,3,-0.01
11,10.37,-0.01,11,8.41,-0.01,10,8.41,-0.01
0,0,-0.01,10,3,-0.01,10,0,-0.01
10,10.37,-0.01,11,10.37,-0.01,10,8.41,-0.01
0,4,-0.01,10,5.179,-0.01,10,3,-0.01
0,4,-0.01,10,3,-0.01,0,0,-0.01
10,15.13,-0.01,11,15.13,-0.01,11,13.41,-0.01
10,15.13,-0.01,11,13.41,-0.01,10,13.41,-0.01
-0,6.303,-0.01,10,8.41,-0.01,10,5.179,-0.01
-0,6.303,-0.01,10,5.179,-0.01,0,4,-0.01
-0.875,6.303,-0.01,0,4,-0.01,-0.875,4,-0.01
-0.875,6.303,-0.01,-0,6.303,-0.01,0,4,-0.01
0,8.48,-0.01,10,10.37,-0.01,10,8.41,-0.01
0,8.48,-0.01,10,8.41,-0.01,-0,6.303,-0.01
0,10.68,-0.01,0,8.48,-0.01,-0.875,8.48,-0.01
0,10.68,-0.01,10,10.37,-0.01,0,8.48,-0.01
-0.875,10.68,-0.01,0,10.68,-0.01,-0.875,8.48,-0.01
0,12.75,-0.01,10,13.41,-0.01,10,10.37,-0.01
0,12.75,-0.01,10,10.37,-0.01,0,10.68,-0.01
0,14.89,-0.01,10,15.13,-0.01,10,13.41,-0.01
0,14.89,-0.01,10,13.41,-0.01,0,12.75,-0.01
-0.875,14.89,-0.01,0,12.75,-0.01,-0.875,12.75,-0.01
-0.875,14.89,-0.01,0,14.89,-0.01,0,12.75,-0.01
0,18.98,-0.01,10,18.98,-0.01,10,15.13,-0.01
0,18.98,-0.01,10,15.13,-0.01,0,14.89,-0.01
-0.88044,13.078,0,-0.98044,13.028,0,-0.98044,13.078,0
-0.88044,13.078,0,-0.88044,13.028,0,-0.98044,13.028,0
-0.88044,14.578,2.15,-0.88044,14.578,0,-0.88044,14.628,0
-0.88044,14.628,2.2,-0.88044,14.578,2.15,-0.88044,14.628,0
-0.88044,13.078,2.15,-0.88044,13.028,0,-0.88044,13.078,0
-0.88044,13.028,2.2,-0.88044,13.078,2.15,-0.88044,14.578,2.15
-0.88044,13.028,2.2,-0.88044,14.578,2.15,-0.88044,14.628,2.2
-0.88044,13.028,2.2,-0.88044,13.028,0,-0.88044,13.078,2.15
-0.88044,13.078,2.15,-0.98044,13.078,0,-0.98044,13.078,2.15
-0.88044,13.078,2.15,-0.88044,13.078,0,-0.98044,13.078,0
-0.98044,14.578,0,-0.98044,14.578,2.15,-0.98044,14.628,0
-0.98044,14.578,2.15,-0.98044,14.628,2.2,-0.98044,14.628,0
-0.98044,13.028,0,-0.98044,13.078,2.15,-0.98044,13.078,0
-0.98044,13.078,2.15,-0.98044,13.028,2.2,-0.98044,14.578,2.15
-0.98044,14.578,2.15,-0.98044,13.028,2.2,-0.98044,14.628,2.2
-0.98044,13.028,0,-0.98044,13.028,2.2,-0.98044,13.078,2.15
-0.98044,13.028,0,-0.88044,13.028,2.2,-0.98044,13.028,2.2
-0.88044,13.028,0,-0.88044,13.028,2.2,-0.98044,13.028,0
-0.98044,13.028,2.2,-0.88044,14.628,2.2,-0.98044,14.628,2.2
-0.88044,13.028,2.2,-0.88044,14.628,2.2,-0.98044,13.028,2.2
-0.98044,14.628,2.2,-0.88044,14.628,0,-0.98044,14.628,0
-0.88044,14.628,2.2,-0.88044,14.628,0,-0.98044,14.628,2.2
-0.88044,14.628,0,-0.98044,14.578,0,-0.98044,14.628,0
-0.88044,14.628,0,-0.88044,14.578,0,-0.98044,14.578,0
-0.88044,14.578,0,-0.98044,14.578,2.15,-0.98044,14.578,0
-0.88044,14.578,0,-0.88044,14.578,2.15,-0.98044,14.578,2.15
-0.88044,14.578,2.15,-0.88044,13.078,2.15,-0.98044,14.578,2.15
-0.98044,14.578,2.15,-0.88044,13.078,2.15,-0.98044,13.078,2.15
-0.93044,14.573,0.005,-0.93044,13.083,0.005,-0.98044,13.083,0.005
-0.93044,14.573,0.005,-0.98044,13.083,0.005,-0.98044,14.573,0.005
-0.93044,13.083,0.005,-0.93044,13.083,2.145,-0.98044,13.083,2.145
-0.93044,13.083,0.005,-0.98044,13.083,2.145,-0.98044,13.083,0.005
-0.93044,14.573,2.145,-0.93044,14.573,0.005,-0.98044,14.573,0.005
-0.93044,14.573,2.145,-0.98044,14.573,0.005,-0.98044,14.573,2.145
-0.93044,13.133,0.055,-0.93044,14.573,0.005,-0.93044,14.523,0.055
-0.93044,13.083,0.005,-0.93044,14.573,0.005,-0.93044,13.133,0.055
-0.93044,14.523,2.095,-0.93044,14.573,0.005,-0.93044,14.573,2.145
-0.93044,14.523,2.095,-0.93044,14.523,0.055,-0.93044,14.573,0.005
-0.93044,13.133,2.095,-0.93044,14.523,2.095,-0.93044,14.573,2.145
-0.93044,13.083,2.145,-0.93044,13.133,2.095,-0.93044,14.573,2.145
-0.93044,13.083,2.145,-0.93044,13.083,0.005,-0.93044,13.133,0.055
-0.93044,13.083,2.145,-0.93044,13.133,0.055,-0.93044,13.133,2.095
-0.98044,14.573,0.005,-0.98044,13.133,0.055,-0.98044,14.523,0.055
-0.98044,14.573,0.005,-0.98044,13.083,0.005,-0.98044,13.133,0.055
-0.98044,14.573,0.005,-0.98044,14.523,2.095,-0.98044,14.573,2.145
-0.98044,14.523,0.055,-0.98044,14.523,2.095,-0.98044,14.573,0.005
-0.98044,14.523,2.095,-0.98044,13.133,2.095,-0.98044,14.573,2.145
-0.98044,13.133,2.095,-0.98044,13.083,2.145,-0.98044,14.573,2.145
-0.98044,13.083,0.005,-0.98044,13.083,2.145,-0.98044,13.133,0.055
-0.98044,13.133,0.055,-0.98044,13.083,2.145,-0.98044,13.133,2.095
-0.93044,13.083,2.145,-0.93044,14.573,2.145,-0.98044,14.573,2.145
-0.93044,13.083,2.145,-0.98044,14.573,2.145,-0.98044,13.083,2.145
-0.93044,13.133,0.055,-0.98044,14.523,0.055,-0.98044,13.133,0.055
-0.93044,13.133,0.055,-0.93044,14.523,0.055,-0.98044,14.523,0.055
-0.93044,14.523,0.055,-0.93044,14.523,2.095,-0.98044,14.523,0.055
-0.98044,14.523,0.055,-0.93044,14.523,2.095,-0.98044,14.523,2.095
-0.93044,14.523,2.095,-0.98044,13.133,2.095,-0.98044,14.523,2.095
-0.93044,14.523,2.095,-0.93044,13.133,2.095,-0.98044,13.133,2.095
-0.93044,13.133,2.095,-0.93044,13.133,0.055,-0.98044,13.133,2.095
-0.98044,13.133,2.095,-0.93044,13.133,0.055,-0.98044,13.133,0.055
-0.95544,14.523,0.055,-0.95544,13.133,0.055,-0.96044,13.133,0.055
-0.95544,14.523,0.055,-0.96044,13.133,0.055,-0.96044,14.523,0.055
-0.95544,14.523,2.095,-0.95544,14.523,0.055,-0.96044,14.523,0.055
-0.95544,14.523,2.095,-0.96044,14.523,0.055,-0.96044,14.523,2.095
-0.95544,13.133,2.095,-0.95544,14.523,2.095,-0.96044,14.523,2.095
-0.95544,13.133,2.095,-0.96044,14.523,2.095,-0.96044,13.133,2.095
-0.95544,13.133,0.055,-0.95544,13.133,2.095,-0.96044,13.133,2.095
-0.95544,13.133,0.055,-0.96044,13.133,2.095,-0.96044,13.133,0.055
-0.95544,14.523,2.095,-0.95544,13.133,0.055,-0.95544,14.523,0.055
-0.95544,13.133,2.095,-0.95544,13.133,0.055,-0.95544,14.523,2.095
-0.96044,13.133,0.055,-0.96044,14.523,2.095,-0.96044,14.523,0.055
-0.96044,13.133,0.055,-0.96044,13.133,2.095,-0.96044,14.523,2.095
9.901,19.076,3,9.901,15.092,2.2,9.901,15.038,3
9.901,19.076,0,9.901,15.092,2.2,9.901,19.076,3
9.901,15.092,2.2,9.901,15.038,2.2,9.901,15.038,3
9.901,19.076,0,9.901,15.092,0,9.901,15.092,2.2
10.101,15.238,0,11.103,15.092,0,9.901,15.092,0
10.101,15.238,0,11.103,15.238,0,11.103,15.092,0
9.901,15.092,0,9.901,19.076,0,10.101,15.238,0
9.901,19.076,0,10.101,19.076,0,10.101,15.238,0
9.901,15.092,2.2,11.103,15.092,0,11.103,15.092,2.2
9.901,15.092,2.2,9.901,15.092,0,11.103,15.092,0
9.901,15.092,2.2,11.103,15.092,2.2,10.903,15.038,2.2
9.901,15.038,2.2,9.901,15.092,2.2,10.903,15.038,2.2
11.103,13.492,2.2,10.903,15.038,2.2,11.103,15.092,2.2
10.903,13.516,2.2,10.903,15.038,2.2,11.103,13.492,2.2
9.9036,13.492,2.2,9.9036,13.516,2.2,10.903,13.516,2.2
11.103,13.492,2.2,9.9036,13.492,2.2,10.903,13.516,2.2
9.901,15.038,3,10.903,15.038,2.2,10.903,15.038,3
9.901,15.038,2.2,10.903,15.038,2.2,9.901,15.038,3
10.104,2.9056,3,9.9036,3.1056,3,9.9036,-0.083444,3
10.104,2.9056,3,9.9036,-0.083444,3,10.104,-0.083444,3
10.896,3.1056,3,9.9036,3.1056,3,10.104,2.9056,3
11.095,2.9056,3,10.896,3.1056,3,10.104,2.9056,3
10.896,5.0838,3,10.896,3.1056,3,11.095,2.9056,3
10.896,5.0838,3,10.1,5.2838,3,9.9002,5.0838,3
11.095,5.2838,3,10.896,5.0838,3,11.095,2.9056,3
11.095,5.2838,3,10.1,5.2838,3,10.896,5.0838,3
10.1,8.3134,3,9.9002,8.5134,3,9.9002,5.0838,3
10.1,8.3134,3,9.9002,5.0838,3,10.1,5.2838,3
10.895,8.5134,3,9.9002,8.5134,3,10.1,8.3134,3
11.095,8.3134,3,10.895,8.5134,3,10.1,8.3134,3
10.895,10.278,3,10.104,10.478,3,9.9036,10.278,3
11.095,10.478,3,10.895,10.278,3,10.895,8.5134,3
11.095,10.478,3,10.895,8.5134,3,11.095,8.3134,3
11.095,10.478,3,10.104,10.478,3,10.895,10.278,3
10.104,13.316,3,9.9036,13.516,3,9.9036,10.278,3
10.104,13.316,3,9.9036,10.278,3,10.104,10.478,3
10.903,13.516,3,9.9036,13.516,3,10.104,13.316,3
11.103,13.316,3,10.903,13.516,3,10.104,13.316,3
10.903,15.038,3,10.101,15.238,3,9.901,15.038,3
11.103,15.238,3,10.903,15.038,3,10.903,13.516,3
11.103,15.238,3,10.903,13.516,3,11.103,13.316,3
11.103,15.238,3,10.101,15.238,3,10.903,15.038,3
9.901,19.076,3,9.901,15.038,3,10.101,15.238,3
10.101,19.076,3,9.901,19.076,3,10.101,15.238,3
10.101,19.076,0,9.901,19.076,0,9.901,19.076,3
10.101,19.076,0,9.901,19.076,3,10.101,19.076,3
10.101,15.238,0,10.101,19.076,0,10.101,19.076,3
10.101,15.238,0,10.101,19.076,3,10.101,15.238,3
11.103,15.238,0,10.101,15.238,0,10.101,15.238,3
11.103,15.238,0,10.101,15.238,3,11.103,15.238,3
11.103,13.492,2.2,11.103,15.238,3,11.103,13.316,3
11.103,13.492,2.2,11.103,15.092,2.2,11.103,15.238,3
11.103,15.092,0,11.103,15.238,0,11.103,15.092,2.2
11.103,13.316,0,11.103,13.492,0,11.103,13.492,2.2
11.103,13.316,3,11.103,13.316,0,11.103,13.492,2.2
11.103,15.238,0,11.103,15.238,3,11.103,15.092,2.2
10.903,15.038,3,10.903,13.516,2.2,10.903,13.516,3
10.903,15.038,2.2,10.903,13.516,2.2,10.903,15.038,3
10.903,13.516,3,9.9036,13.516,2.2,9.9036,13.516,3
10.903,13.516,2.2,9.9036,13.516,2.2,10.903,13.516,3
9.9036,13.516,2.2,9.9036,13.492,2.2,9.9036,13.516,3
9.9036,13.492,2.2,9.9036,10.278,3,9.9036,13.516,3
9.9036,13.492,0,9.9036,10.278,0,9.9036,13.492,2.2
9.9036,13.492,2.2,9.9036,10.278,0,9.9036,10.278,3
9.9036,13.492,0,11.103,13.492,2.2,11.103,13.492,0
9.9036,13.492,0,9.9036,13.492,2.2,11.103,13.492,2.2
9.9036,10.278,3,9.9036,10.278,0,10.895,10.278,3
9.9036,10.278,0,10.895,10.278,0,10.895,10.278,3
10.895,10.278,3,10.895,8.6107,2.2,10.895,8.5134,3
10.895,10.211,2.2,10.895,8.6107,2.2,10.895,10.278,3
10.895,10.278,0,10.895,10.211,0,10.895,10.211,2.2
10.895,8.6107,0,10.895,8.5134,0,10.895,8.6107,2.2
10.895,8.5134,0,10.895,8.5134,3,10.895,8.6107,2.2
10.895,10.278,3,10.895,10.278,0,10.895,10.211,2.2
10.895,8.5134,0,9.9002,8.5134,0,10.895,8.5134,3
10.895,8.5134,3,9.9002,8.5134,0,9.9002,8.5134,3
9.9002,8.5134,0,9.9002,5.0838,0,9.9002,8.5134,3
9.9002,8.5134,3,9.9002,5.0838,0,9.9002,5.0838,3
9.9002,5.0838,0,10.896,5.0838,0,9.9002,5.0838,3
9.9002,5.0838,3,10.896,5.0838,0,10.896,5.0838,3
10.896,5.0838,3,10.896,3.3083,2.2,10.896,3.1056,3
10.896,4.9083,2.2,10.896,3.3083,2.2,10.896,5.0838,3
10.896,5.0838,0,10.896,4.9083,0,10.896,4.9083,2.2
10.896,3.3083,0,10.896,3.1056,0,10.896,3.3083,2.2
10.896,3.1056,0,10.896,3.1056,3,10.896,3.3083,2.2
10.896,5.0838,3,10.896,5.0838,0,10.896,4.9083,2.2
10.896,3.1056,0,9.9036,3.1056,0,10.896,3.1056,3
10.896,3.1056,3,9.9036,3.1056,0,9.9036,3.1056,3
9.9036,3.1056,0,9.9036,-0.083444,3,9.9036,3.1056,3
9.9036,3.1056,0,9.9036,-0.083444,0,9.9036,-0.083444,3
9.9036,-0.083444,0,10.104,-0.083444,0,9.9036,-0.083444,3
9.9036,-0.083444,3,10.104,-0.083444,0,10.104,-0.083444,3
10.104,-0.083444,0,10.104,2.9056,0,10.104,2.9056,3
10.104,-0.083444,0,10.104,2.9056,3,10.104,-0.083444,3
10.104,2.9056,0,11.095,2.9056,0,11.095,2.9056,3
10.104,2.9056,0,11.095,2.9056,3,10.104,2.9056,3
11.095,3.3083,2.2,11.095,5.2838,3,11.095,2.9056,3
11.095,3.3083,2.2,11.095,4.9083,2.2,11.095,5.2838,3
11.095,5.2838,0,11.095,5.2838,3,11.095,4.9083,2.2
11.095,4.9083,0,11.095,5.2838,0,11.095,4.9083,2.2
11.095,2.9056,0,11.095,3.3083,0,11.095,3.3083,2.2
11.095,2.9056,0,11.095,3.3083,2.2,11.095,2.9056,3
11.095,5.2838,0,10.1,5.2838,0,10.1,5.2838,3
11.095,5.2838,0,10.1,5.2838,3,11.095,5.2838,3
10.1,5.2838,0,10.1,8.3134,0,10.1,8.3134,3
10.1,5.2838,0,10.1,8.3134,3,10.1,5.2838,3
10.1,8.3134,0,11.095,8.3134,0,11.095,8.3134,3
10.1,8.3134,0,11.095,8.3134,3,10.1,8.3134,3
11.095,8.6107,2.2,11.095,10.478,3,11.095,8.3134,3
11.095,8.6107,2.2,11.095,10.211,2.2,11.095,10.478,3
11.095,10.478,0,11.095,10.478,3,11.095,10.211,2.2
11.095,10.211,0,11.095,10.478,0,11.095,10.211,2.2
11.095,8.3134,0,11.095,8.6107,0,11.095,8.6107,2.2
11.095,8.3134,0,11.095,8.6107,2.2,11.095,8.3134,3
10.104,10.478,0,10.104,10.478,3,11.095,10.478,3
11.095,10.478,0,10.104,10.478,0,11.095,10.478,3
10.104,10.478,0,10.104,13.316,0,10.104,13.316,3
10.104,10.478,0,10.104,13.316,3,10.104,10.478,3
11.103,13.316,0,11.103,13.316,3,10.104,13.316,3
10.104,13.316,0,11.103,13.316,0,10.104,13.316,3
10.895,10.278,0,11.095,10.211,0,10.895,10.211,0
10.895,10.278,0,11.095,10.478,0,11.095,10.211,0
10.104,10.478,0,11.095,10.478,0,10.895,10.278,0
9.9036,10.278,0,9.9036,13.492,0,10.104,10.478,0
9.9036,13.492,0,10.104,13.316,0,10.104,10.478,0
10.104,13.316,0,11.103,13.492,0,11.103,13.316,0
9.9036,13.492,0,11.103,13.492,0,10.104,13.316,0
10.895,10.278,0,9.9036,10.278,0,10.104,10.478,0
10.895,10.211,2.2,11.095,10.211,0,11.095,10.211,2.2
10.895,10.211,2.2,10.895,10.211,0,11.095,10.211,0
11.095,8.6107,2.2,10.895,10.211,2.2,11.095,10.211,2.2
10.895,8.6107,2.2,10.895,10.211,2.2,11.095,8.6107,2.2
10.895,8.6107,0,11.095,8.6107,2.2,11.095,8.6107,0
10.895,8.6107,0,10.895,8.6107,2.2,11.095,8.6107,2.2
10.896,5.0838,0,11.095,4.9083,0,10.896,4.9083,0
10.896,5.0838,0,11.095,5.2838,0,11.095,4.9083,0
10.1,5.2838,0,11.095,5.2838,0,10.896,5.0838,0
9.9002,5.0838,0,10.1,8.3134,0,10.1,5.2838,0
9.9002,5.0838,0,9.9002,8.5134,0,10.1,8.3134,0
10.1,8.3134,0,10.895,8.5134,0,11.095,8.3134,0
10.895,8.6107,0,11.095,8.6107,0,10.895,8.5134,0
10.895,8.5134,0,11.095,8.6107,0,11.095,8.3134,0
10.896,5.0838,0,9.9002,5.0838,0,10.1,5.2838,0
9.9002,8.5134,0,10.895,8.5134,0,10.1,8.3134,0
11.095,4.9083,0,10.896,4.9083,2.2,10.896,4.9083,0
11.095,4.9083,0,11.095,4.9083,2.2,10.896,4.9083,2.2
10.896,4.9083,2.2,11.095,3.3083,2.2,10.896,3.3083,2.2
11.095,4.9083,2.2,11.095,3.3083,2.2,10.896,4.9083,2.2
11.095,3.3083,2.2,10.896,3.3083,0,10.896,3.3083,2.2
11.095,3.3083,2.2,11.095,3.3083,0,10.896,3.3083,0
9.9036,-0.083444,0,10.104,2.9056,0,10.104,-0.083444,0
9.9036,3.1056,0,10.104,2.9056,0,9.9036,-0.083444,0
10.104,2.9056,0,10.896,3.1056,0,11.095,2.9056,0
10.896,3.3083,0,11.095,3.3083,0,10.896,3.1056,0
10.896,3.1056,0,11.095,3.3083,0,11.095,2.9056,0
9.9036,3.1056,0,10.896,3.1056,0,10.104,2.9056,0
11.103,13.542,0,11.003,13.492,0,11.003,13.542,0
11.103,13.542,0,11.103,13.492,0,11.003,13.492,0
11.103,15.042,2.15,11.103,15.042,0,11.103,15.092,0
11.103,15.092,2.2,11.103,15.042,2.15,11.103,15.092,0
11.103,13.542,2.15,11.103,13.492,0,11.103,13.542,0
11.103,13.492,2.2,11.103,13.542,2.15,11.103,15.042,2.15
11.103,13.492,2.2,11.103,15.042,2.15,11.103,15.092,2.2
11.103,13.492,2.2,11.103,13.492,0,11.103,13.542,2.15
11.103,13.542,2.15,11.003,13.542,0,11.003,13.542,2.15
11.103,13.542,2.15,11.103,13.542,0,11.003,13.542,0
11.003,15.042,0,11.003,15.042,2.15,11.003,15.092,0
11.003,15.042,2.15,11.003,15.092,2.2,11.003,15.092,0
11.003,13.492,0,11.003,13.542,2.15,11.003,13.542,0
11.003,13.542,2.15,11.003,13.492,2.2,11.003,15.042,2.15
11.003,15.042,2.15,11.003,13.492,2.2,11.003,15.092,2.2
11.003,13.492,0,11.003,13.492,2.2,11.003,13.542,2.15
11.003,13.492,0,11.103,13.492,2.2,11.003,13.492,2.2
11.103,13.492,0,11.103,13.492,2.2,11.003,13.492,0
11.003,13.492,2.2,11.103,15.092,2.2,11.003,15.092,2.2
11.103,13.492,2.2,11.103,15.092,2.2,11.003,13.492,2.2
11.003,15.092,2.2,11.103,15.092,0,11.003,15.092,0
11.103,15.092,2.2,11.103,15.092,0,11.003,15.092,2.2
11.103,15.092,0,11.003,15.042,0,11.003,15.092,0
11.103,15.092,0,11.103,15.042,0,11.003,15.042,0
11.103,15.042,0,11.003,15.042,2.15,11.003,15.042,0
11.103,15.042,0,11.103,15.042,2.15,11.003,15.042,2.15
11.103,15.042,2.15,11.103,13.542,2.15,11.003,15.042,2.15
11.003,15.042,2.15,11.103,13.542,2.15,11.003,13.542,2.15
11.053,15.042,0,11.053,13.542,0,11.003,13.542,0
11.053,15.042,0,11.003,13.542,0,11.003,15.042,0
11.053,15.042,2.15,11.053,15.042,0,11.003,15.042,0
11.053,15.042,2.15,11.003,15.042,0,11.003,15.042,2.15
11.053,13.542,2.15,11.053,15.042,2.15,11.003,15.042,2.15
11.053,13.542,2.15,11.003,15.042,2.15,11.003,13.542,2.15
11.053,13.542,0,11.053,13.542,2.15,11.003,13.542,2.15
11.053,13.542,0,11.003,13.542,2.15,11.003,13.542,0
11.053,15.042,2.15,11.053,13.542,0,11.053,15.042,0
11.053,13.542,2.15,11.053,13.542,0,11.053,15.042,2.15
11.003,13.542,0,11.003,15.042,2.15,11.003,15.042,0
11.003,13.542,0,11.003,13.542,2.15,11.003,15.042,2.15
10.999,4.8583,0,11.099,4.9083,0,11.099,4.8583,0
10.999,4.8583,0,10.999,4.9083,0,11.099,4.9083,0
10.999,3.3583,2.15,10.999,3.3083,2.2,10.999,4.9083,2.2
10.999,3.3583,2.15,10.999,4.9083,2.2,10.999,4.8583,2.15
10.999,4.9083,0,10.999,4.8583,2.15,10.999,4.9083,2.2
10.999,4.8583,0,10.999,4.8583,2.15,10.999,4.9083,0
10.999,3.3083,0,10.999,3.3583,2.15,10.999,3.3583,0
10.999,3.3083,0,10.999,3.3083,2.2,10.999,3.3583,2.15
10.999,4.8583,2.15,11.099,4.8583,0,11.099,4.8583,2.15
10.999,4.8583,2.15,10.999,4.8583,0,11.099,4.8583,0
11.099,3.3083,2.2,11.099,3.3583,2.15,11.099,4.9083,2.2
11.099,4.9083,2.2,11.099,3.3583,2.15,11.099,4.8583,2.15
11.099,4.8583,2.15,11.099,4.9083,0,11.099,4.9083,2.2
11.099,4.8583,2.15,11.099,4.8583,0,11.099,4.9083,0
11.099,3.3583,2.15,11.099,3.3083,0,11.099,3.3583,0
11.099,3.3083,2.2,11.099,3.3083,0,11.099,3.3583,2.15
11.099,4.9083,0,10.999,4.9083,2.2,11.099,4.9083,2.2
10.999,4.9083,0,10.999,4.9083,2.2,11.099,4.9083,0
11.099,4.9083,2.2,10.999,3.3083,2.2,11.099,3.3083,2.2
10.999,4.9083,2.2,10.999,3.3083,2.2,11.099,4.9083,2.2
11.099,3.3083,2.2,10.999,3.3083,0,11.099,3.3083,0
10.999,3.3083,2.2,10.999,3.3083,0,11.099,3.3083,2.2
10.999,3.3083,0,11.099,3.3583,0,11.099,3.3083,0
10.999,3.3083,0,10.999,3.3583,0,11.099,3.3583,0
10.999,3.3583,0,11.099,3.3583,2.15,11.099,3.3583,0
10.999,3.3583,0,10.999,3.3583,2.15,11.099,3.3583,2.15
10.999,3.3583,2.15,10.999,4.8583,2.15,11.099,3.3583,2.15
11.099,3.3583,2.15,10.999,4.8583,2.15,11.099,4.8583,2.15
11.049,3.3583,0,11.049,4.8583,0,11.099,4.8583,0
11.049,3.3583,0,11.099,4.8583,0,11.099,3.3583,0
11.049,3.3583,2.15,11.049,3.3583,0,11.099,3.3583,0
11.049,3.3583,2.15,11.099,3.3583,0,11.099,3.3583,2.15
11.049,4.8583,2.15,11.049,3.3583,2.15,11.099,3.3583,2.15
11.049,4.8583,2.15,11.099,3.3583,2.15,11.099,4.8583,2.15
11.049,4.8583,0,11.049,4.8583,2.15,11.099,4.8583,2.15
11.049,4.8583,0,11.099,4.8583,2.15,11.099,4.8583,0
11.049,4.8583,0,11.049,3.3583,2.15,11.049,4.8583,2.15
11.049,3.3583,0,11.049,3.3583,2.15,11.049,4.8583,0
11.099,3.3583,2.15,11.099,4.8583,0,11.099,4.8583,2.15
11.099,3.3583,2.15,11.099,3.3583,0,11.099,4.8583,0
-0.97539,10.318,0,-0.87539,10.368,0,-0.87539,10.318,0
-0.97539,10.318,0,-0.97539,10.368,0,-0.87539,10.368,0
-0.97539,8.8182,2.15,-0.97539,8.7682,2.2,-0.97539,10.368,2.2
-0.97539,8.8182,2.15,-0.97539,10.368,2.2,-0.97539,10.318,2.15
-0.97539,10.368,0,-0.97539,10.318,2.15,-0.97539,10.368,2.2
-0.97539,10.318,0,-0.97539,10.318,2.15,-0.97539,10.368,0
-0.97539,8.7682,0,-0.97539,8.8182,2.15,-0.97539,8.8182,0
-0.97539,8.7682,0,-0.97539,8.7682,2.2,-0.97539,8.8182,2.15
-0.97539,10.318,2.15,-0.87539,10.318,0,-0.87539,10.318,2.15
-0.97539,10.318,2.15,-0.97539,10.318,0,-0.87539,10.318,0
-0.87539,8.7682,2.2,-0.87539,8.8182,2.15,-0.87539,10.368,2.2
-0.87539,10.368,2.2,-0.87539,8.8182,2.15,-0.87539,10.318,2.15
-0.87539,10.318,2.15,-0.87539,10.368,0,-0.87539,10.368,2.2
-0.87539,10.318,2.15,-0.87539,10.318,0,-0.87539,10.368,0
-0.87539,8.8182,2.15,-0.87539,8.7682,0,-0.87539,8.8182,0
-0.87539,8.7682,2.2,-0.87539,8.7682,0,-0.87539,8.8182,2.15
-0.87539,10.368,0,-0.97539,10.368,2.2,-0.87539,10.368,2.2
-0.97539,10.368,0,-0.97539,10.368,2.2,-0.87539,10.368,0
-0.87539,10.368,2.2,-0.97539,8.7682,2.2,-0.87539,8.7682,2.2
-0.97539,10.368,2.2,-0.97539,8.7682,2.2,-0.87539,10.368,2.2
-0.87539,8.7682,2.2,-0.97539,8.7682,0,-0.87539,8.7682,0
-0.97539,8.7682,2.2,-0.97539,8.7682,0,-0.87539,8.7682,2.2
-0.97539,8.7682,0,-0.87539,8.8182,0,-0.87539,8.7682,0
-0.97539,8.7682,0,-0.97539,8.8182,0,-0.87539,8.8182,0
-0.97539,8.8182,0,-0.87539,8.8182,2.15,-0.87539,8.8182,0
-0.97539,8.8182,0,-0.97539,8.8182,2.15,-0.87539,8.8182,2.15
-0.97539,8.8182,2.15,-0.97539,10.318,2.15,-0.87539,8.8182,2.15
-0.87539,8.8182,2.15,-0.97539,10.318,2.15,-0.87539,10.318,2.15
-0.92539,8.8232,0.005,-0.92539,10.313,0.005,-0.87539,10.313,0.005
-0.92539,8.8232,0.005,-0.87539,10.313,0.005,-0.87539,8.8232,0.005
-0.92539,10.313,0.005,-0.92539,10.313,2.145,-0.87539,10.313,2.145
-0.92539,10.313,0.005,-0.87539,10.313,2.145,-0.87539,10.313,0.005
-0.92539,8.8232,2.145,-0.92539,8.8232,0.005,-0.87539,8.8232,0.005
-0.92539,8.8232,2.145,-0.87539,8.8232,0.005,-0.87539,8.8232,2.145
-0.92539,8.8232,2.145,-0.92539,10.313,2.145,-0.92539,10.263,2.095
-0.92539,8.8732,2.095,-0.92539,8.8232,2.145,-0.92539,10.263,2.095
-0.92539,10.263,0.055,-0.92539,10.313,2.145,-0.92539,10.313,0.005
-0.92539,10.263,0.055,-0.92539,10.263,2.095,-0.92539,10.313,2.145
-0.92539,8.8732,0.055,-0.92539,10.263,0.055,-0.92539,10.313,0.005
-0.92539,8.8232,0.005,-0.92539,8.8732,0.055,-0.92539,10.313,0.005
-0.92539,8.8232,0.005,-0.92539,8.8232,2.145,-0.92539,8.8732,2.095
-0.92539,8.8232,0.005,-0.92539,8.8732,2.095,-0.92539,8.8732,0.055
-0.87539,10.313,2.145,-0.87539,8.8232,2.145,-0.87539,10.263,2.095
-0.87539,8.8232,2.145,-0.87539,8.8732,2.095,-0.87539,10.263,2.095
-0.87539,10.313,2.145,-0.87539,10.263,0.055,-0.87539,10.313,0.005
-0.87539,10.263,2.095,-0.87539,10.263,0.055,-0.87539,10.313,2.145
-0.87539,10.263,0.055,-0.87539,8.8732,0.055,-0.87539,10.313,0.005
-0.87539,8.8732,0.055,-0.87539,8.8232,0.005,-0.87539,10.313,0.005
-0.87539,8.8232,2.145,-0.87539,8.8232,0.005,-0.87539,8.8732,2.095
-0.87539,8.8732,2.095,-0.87539,8.8232,0.005,-0.87539,8.8732,0.055
-0.92539,10.313,2.145,-0.92539,8.8232,2.145,-0.87539,8.8232,2.145
-0.92539,10.313,2.145,-0.87539,8.8232,2.145,-0.87539,10.313,2.145
-0.92539,10.263,0.055,-0.87539,8.8732,0.055,-0.87539,10.263,0.055
-0.92539,10.263,0.055,-0.92539,8.8732,0.055,-0.87539,8.8732,0.055
-0.92539,8.8732,0.055,-0.92539,8.8732,2.095,-0.87539,8.8732,0.055
-0.87539,8.8732,0.055,-0.92539,8.8732,2.095,-0.87539,8.8732,2.095
-0.92539,8.8732,2.095,-0.87539,10.263,2.095,-0.87539,8.8732,2.095
-0.92539,8.8732,2.095,-0.92539,10.263,2.095,-0.87539,10.263,2.095
-0.92539,10.263,2.095,-0.92539,10.263,0.055,-0.87539,10.263,2.095
-0.87539,10.263,2.095,-0.92539,10.263,0.055,-0.87539,10.263,0.055
-0.90039,8.8732,0.055,-0.90039,10.263,0.055,-0.89539,10.263,0.055
-0.90039,8.8732,0.055,-0.89539,10.263,0.055,-0.89539,8.8732,0.055
-0.90039,8.8732,2.095,-0.90039,8.8732,0.055,-0.89539,8.8732,0.055
-0.90039,8.8732,2.095,-0.89539,8.8732,0.055,-0.89539,8.8732,2.095
-0.90039,10.263,2.095,-0.90039,8.8732,2.095,-0.89539,8.8732,2.095
-0.90039,10.263,2.095,-0.89539,8.8732,2.095,-0.89539,10.263,2.095
-0.90039,10.263,0.055,-0.90039,10.263,2.095,-0.89539,10.263,2.095
-0.90039,10.263,0.055,-0.89539,10.263,2.095,-0.89539,10.263,0.055
-0.90039,10.263,0.055,-0.90039,8.8732,2.095,-0.90039,10.263,2.095
-0.90039,8.8732,0.055,-0.90039,8.8732,2.095,-0.90039,10.263,0.055
-0.89539,8.8732,2.095,-0.89539,10.263,0.055,-0.89539,10.263,2.095
-0.89539,8.8732,2.095,-0.89539,8.8732,0.055,-0.89539,10.263,0.055
11.095,8.6607,0,10.995,8.6107,0,10.995,8.6607,0
11.095,8.6607,0,11.095,8.6107,0,10.995,8.6107,0
11.095,10.161,2.15,11.095,10.161,0,11.095,10.211,0
11.095,10.211,2.2,11.095,10.161,2.15,11.095,10.211,0
11.095,8.6607,2.15,11.095,8.6107,0,11.095,8.6607,0
11.095,8.6107,2.2,11.095,8.6607,2.15,11.095,10.161,2.15
11.095,8.6107,2.2,11.095,10.161,2.15,11.095,10.211,2.2
11.095,8.6107,2.2,11.095,8.6107,0,11.095,8.6607,2.15
11.095,8.6607,2.15,10.995,8.6607,0,10.995,8.6607,2.15
11.095,8.6607,2.15,11.095,8.6607,0,10.995,8.6607,0
10.995,10.161,0,10.995,10.161,2.15,10.995,10.211,0
10.995,10.161,2.15,10.995,10.211,2.2,10.995,10.211,0
10.995,8.6107,0,10.995,8.6607,2.15,10.995,8.6607,0
10.995,8.6607,2.15,10.995,8.6107,2.2,10.995,10.161,2.15
10.995,10.161,2.15,10.995,8.6107,2.2,10.995,10.211,2.2
10.995,8.6107,0,10.995,8.6107,2.2,10.995,8.6607,2.15
10.995,8.6107,0,11.095,8.6107,2.2,10.995,8.6107,2.2
11.095,8.6107,0,11.095,8.6107,2.2,10.995,8.6107,0
10.995,8.6107,2.2,11.095,10.211,2.2,10.995,10.211,2.2
11.095,8.6107,2.2,11.095,10.211,2.2,10.995,8.6107,2.2
10.995,10.211,2.2,11.095,10.211,0,10.995,10.211,0
11.095,10.211,2.2,11.095,10.211,0,10.995,10.211,2.2
11.095,10.211,0,10.995,10.161,0,10.995,10.211,0
11.095,10.211,0,11.095,10.161,0,10.995,10.161,0
11.095,10.161,0,10.995,10.161,2.15,10.995,10.161,0
11.095,10.161,0,11.095,10.161,2.15,10.995,10.161,2.15
11.095,10.161,2.15,11.095,8.6607,2.15,10.995,10.161,2.15
10.995,10.161,2.15,11.095,8.6607,2.15,10.995,8.6607,2.15
11.045,10.161,0,11.045,8.6607,0,10.995,8.6607,0
11.045,10.161,0,10.995,8.6607,0,10.995,10.161,0
11.045,10.161,2.15,11.045,10.161,0,10.995,10.161,0
11.045,10.161,2.15,10.995,10.161,0,10.995,10.161,2.15
11.045,8.6607,2.15,11.045,10.161,2.15,10.995,10.161,2.15
11.045,8.6607,2.15,10.995,10.161,2.15,10.995,8.6607,2.15
11.045,8.6607,0,11.045,8.6607,2.15,10.995,8.6607,2.15
11.045,8.6607,0,10.995,8.6607,2.15,10.995,8.6607,0
11.045,10.161,2.15,11.045,8.6607,0,11.045,10.161,0
11.045,8.6607,2.15,11.045,8.6607,0,11.045,10.161,2.15
10.995,8.6607,0,10.995,10.161,2.15,10.995,10.161,0
10.995,8.6607,0,10.995,8.6607,2.15,10.995,10.161,2.15
0.000343,18.886,0,9.9987,18.886,0,0.000343,18.886,3
0.000343,18.886,3,9.9987,18.886,0,9.9987,18.886,3
0.000343,19.086,0,0.000343,18.886,0,0.000343,18.886,3
0.000343,19.086,0,0.000343,18.886,3,0.000343,19.086,3
9.9987,19.086,0,0.000343,19.086,0,0.000343,19.086,3
9.9987,19.086,0,0.000343,19.086,3,9.9987,19.086,3
9.9987,18.886,0,9.9987,19.086,0,9.9987,18.886,3
9.9987,18.886,3,9.9987,19.086,0,9.9987,19.086,3
0.000343,18.886,0,9.9987,19.086,0,9.9987,18.886,0
0.000343,19.086,0,9.9987,19.086,0,0.000343,18.886,0
9.9987,19.086,3,0.000343,18.886,3,9.9987,18.886,3
9.9987,19.086,3,0.000343,19.086,3,0.000343,18.886,3
-0.001085,18.986,3,9.9989,18.986,2.99,-0.001085,18.986,2.99
-0.001085,18.986,3,9.9989,18.986,3,9.9989,18.986,2.99
9.9989,18.986,3,9.9989,15.136,3,9.9989,18.986,2.99
9.9989,18.986,2.99,9.9989,15.136,3,9.9989,15.136,2.99
9.9989,15.136,3,10.999,15.136,3,9.9989,15.136,2.99
9.9989,15.136,2.99,10.999,15.136,3,10.999,15.136,2.99
10.999,15.136,3,10.999,13.416,3,10.999,15.136,2.99
10.999,15.136,2.99,10.999,13.416,3,10.999,13.416,2.99
10.999,13.416,3,9.9989,13.416,3,10.999,13.416,2.99
10.999,13.416,2.99,9.9989,13.416,3,9.9989,13.416,2.99
9.9989,13.416,3,9.9989,10.376,2.99,9.9989,13.416,2.99
9.9989,13.416,3,9.9989,10.376,3,9.9989,10.376,2.99
9.9989,10.376,3,10.999,10.376,3,9.9989,10.376,2.99
9.9989,10.376,2.99,10.999,10.376,3,10.999,10.376,2.99
10.999,10.376,3,10.999,8.4157,3,10.999,10.376,2.99
10.999,10.376,2.99,10.999,8.4157,3,10.999,8.4157,2.99
10.999,8.4157,3,9.9989,8.4157,3,10.999,8.4157,2.99
10.999,8.4157,2.99,9.9989,8.4157,3,9.9989,8.4157,2.99
9.9989,8.4157,3,9.9989,5.1848,3,9.9989,8.4157,2.99
9.9989,8.4157,2.99,9.9989,5.1848,3,9.9989,5.1848,2.99
9.9989,5.1848,3,10.999,5.1848,3,9.9989,5.1848,2.99
9.9989,5.1848,2.99,10.999,5.1848,3,10.999,5.1848,2.99
10.999,5.1848,3,10.999,3.0057,3,10.999,5.1848,2.99
10.999,5.1848,2.99,10.999,3.0057,3,10.999,3.0057,2.99
10.999,3.0057,3,9.9989,3.0057,3,10.999,3.0057,2.99
10.999,3.0057,2.99,9.9989,3.0057,3,9.9989,3.0057,2.99
9.9989,3.0057,3,9.9989,0.005745,2.99,9.9989,3.0057,2.99
9.9989,3.0057,3,9.9989,0.005745,3,9.9989,0.005745,2.99
9.9989,0.005745,3,-0.001085,0.005745,3,9.9989,0.005745,2.99
9.9989,0.005745,2.99,-0.001085,0.005745,3,-0.001085,0.005745,2.99
-0.001085,0.005745,3,-0.001085,4.0057,3,-0.001085,0.005745,2.99
-0.001085,0.005745,2.99,-0.001085,4.0057,3,-0.001085,4.0057,2.99
-0.001085,4.0057,3,-0.87609,4.0057,3,-0.001085,4.0057,2.99
-0.001085,4.0057,2.99,-0.87609,4.0057,3,-0.87609,4.0057,2.99
-0.87609,4.0057,3,-0.87609,6.3087,2.99,-0.87609,4.0057,2.99
-0.87609,4.0057,3,-0.87609,6.3087,3,-0.87609,6.3087,2.99
-0.87609,6.3087,3,-0.001085,6.3087,3,-0.87609,6.3087,2.99
-0.87609,6.3087,2.99,-0.001085,6.3087,3,-0.001085,6.3087,2.99
-0.001085,6.3087,3,-0.001085,8.4857,3,-0.001085,6.3087,2.99
-0.001085,6.3087,2.99,-0.001085,8.4857,3,-0.001085,8.4857,2.99
-0.001085,8.4857,3,-0.87609,8.4857,3,-0.001085,8.4857,2.99
-0.001085,8.4857,2.99,-0.87609,8.4857,3,-0.87609,8.4857,2.99
-0.87609,8.4857,3,-0.87609,10.686,2.99,-0.87609,8.4857,2.99
-0.87609,8.4857,3,-0.87609,10.686,3,-0.87609,10.686,2.99
-0.87609,10.686,3,-0.001085,10.686,3,-0.87609,10.686,2.99
-0.87609,10.686,2.99,-0.001085,10.686,3,-0.001085,10.686,2.99
-0.001085,10.686,3,-0.001085,12.756,3,-0.001085,10.686,2.99
-0.001085,10.686,2.99,-0.001085,12.756,3,-0.001085,12.756,2.99
-0.001085,12.756,3,-0.87609,12.756,3,-0.001085,12.756,2.99
-0.001085,12.756,2.99,-0.87609,12.756,3,-0.87609,12.756,2.99
-0.87609,12.756,3,-0.87609,14.896,3,-0.87609,12.756,2.99
-0.87609,12.756,2.99,-0.87609,14.896,3,-0.87609,14.896,2.99
-0.87609,14.896,3,-0.001085,14.896,3,-0.87609,14.896,2.99
-0.87609,14.896,2.99,-0.001085,14.896,3,-0.001085,14.896,2.99
-0.001085,14.896,3,-0.001085,18.986,2.99,-0.001085,14.896,2.99
-0.001085,14.896,3,-0.001085,18.986,3,-0.001085,18.986,2.99
10.999,3.0057,3,10.999,5.1848,3,9.9989,3.0057,3
10.999,5.1848,3,9.9989,5.1848,3,9.9989,3.0057,3
10.999,8.4157,3,10.999,10.376,3,9.9989,8.4157,3
9.9989,3.0057,3,-0.001085,0.005745,3,9.9989,0.005745,3
10.999,10.376,3,9.9989,10.376,3,9.9989,8.4157,3
9.9989,5.1848,3,-0.001085,4.0057,3,9.9989,3.0057,3
9.9989,3.0057,3,-0.001085,4.0057,3,-0.001085,0.005745,3
10.999,13.416,3,10.999,15.136,3,9.9989,13.416,3
10.999,15.136,3,9.9989,15.136,3,9.9989,13.416,3
9.9989,8.4157,3,-0.001085,6.3087,3,9.9989,5.1848,3
9.9989,5.1848,3,-0.001085,6.3087,3,-0.001085,4.0057,3
-0.001085,4.0057,3,-0.87609,6.3087,3,-0.87609,4.0057,3
-0.001085,6.3087,3,-0.87609,6.3087,3,-0.001085,4.0057,3
9.9989,10.376,3,-0.001085,8.4857,3,9.9989,8.4157,3
9.9989,8.4157,3,-0.001085,8.4857,3,-0.001085,6.3087,3
-0.001085,8.4857,3,-0.001085,10.686,3,-0.87609,8.4857,3
9.9989,10.376,3,-0.001085,10.686,3,-0.001085,8.4857,3
-0.001085,10.686,3,-0.87609,10.686,3,-0.87609,8.4857,3
9.9989,13.416,3,-0.001085,12.756,3,9.9989,10.376,3
9.9989,10.376,3,-0.001085,12.756,3,-0.001085,10.686,3
9.9989,15.136,3,-0.001085,14.896,3,9.9989,13.416,3
9.9989,13.416,3,-0.001085,14.896,3,-0.001085,12.756,3
-0.001085,12.756,3,-0.87609,14.896,3,-0.87609,12.756,3
-0.001085,14.896,3,-0.87609,14.896,3,-0.001085,12.756,3
9.9989,18.986,3,-0.001085,18.986,3,9.9989,15.136,3
9.9989,15.136,3,-0.001085,18.986,3,-0.001085,14.896,3
10.999,5.1848,2.99,10.999,3.0057,2.99,9.9989,3.0057,2.99
9.9989,5.1848,2.99,10.999,5.1848,2.99,9.9989,3.0057,2.99
10.999,10.376,2.99,10.999,8.4157,2.99,9.9989,8.4157,2.99
-0.001085,0.005745,2.99,9.9989,3.0057,2.99,9.9989,0.005745,2.99
9.9989,10.376,2.99,10.999,10.376,2.99,9.9989,8.4157,2.99
-0.001085,4.0057,2.99,9.9989,5.1848,2.99,9.9989,3.0057,2.99
-0.001085,4.0057,2.99,9.9989,3.0057,2.99,-0.001085,0.005745,2.99
10.999,15.136,2.99,10.999,13.416,2.99,9.9989,13.416,2.99
9.9989,15.136,2.99,10.999,15.136,2.99,9.9989,13.416,2.99
-0.001085,6.3087,2.99,9.9989,8.4157,2.99,9.9989,5.1848,2.99
-0.001085,6.3087,2.99,9.9989,5.1848,2.99,-0.001085,4.0057,2.99
-0.87609,6.3087,2.99,-0.001085,4.0057,2.99,-0.87609,4.0057,2.99
-0.87609,6.3087,2.99,-0.001085,6.3087,2.99,-0.001085,4.0057,2.99
-0.001085,8.4857,2.99,9.9989,10.376,2.99,9.9989,8.4157,2.99
-0.001085,8.4857,2.99,9.9989,8.4157,2.99,-0.001085,6.3087,2.99
-0.001085,10.686,2.99,-0.001085,8.4857,2.99,-0.87609,8.4857,2.99
-0.001085,10.686,2.99,9.9989,10.376,2.99,-0.001085,8.4857,2.99
-0.87609,10.686,2.99,-0.001085,10.686,2.99,-0.87609,8.4857,2.99
-0.001085,12.756,2.99,9.9989,13.416,2.99,9.9989,10.376,2.99
-0.001085,12.756,2.99,9.9989,10.376,2.99,-0.001085,10.686,2.99
-0.001085,14.896,2.99,9.9989,15.136,2.99,9.9989,13.416,2.99
-0.001085,14.896,2.99,9.9989,13.416,2.99,-0.001085,12.756,2.99
-0.87609,14.896,2.99,-0.001085,12.756,2.99,-0.87609,12.756,2.99
-0.87609,14.896,2.99,-0.001085,14.896,2.99,-0.001085,12.756,2.99
-0.001085,18.986,2.99,9.9989,18.986,2.99,9.9989,15.136,2.99
-0.001085,18.986,2.99,9.9989,15.136,2.99,-0.001085,14.896,2.99
